ID_CRYPTO_PRICE_HISTORY,NM_CRYPTO_SYMBOL,NM_CRYPTO_NAME,VL_USD_PRICE,VL_BRL_PRICE,VL_BTC_PRICE,ID_COINMARKETCAP,VL_DIFF_PRICE24,LISTING_TIME,VL_DIFF_PRICE1
693100,LIBF,TSAG Libra,31.90838500000000000000,167.97531300000000000000,0.00071200000000000000,-3,,2022-02-08 06:15:00.017,
693101,LIBF,TSAG Libra,30.78622800000000000000,161.92632400000000000000,0.00070700000000000000,-3,,2022-02-09 06:15:00.003,
693102,ADVF,TSAG Advanced,34.32500900000000000000,180.69714600000000000000,0.00076600000000000000,-2,,2022-02-08 06:15:00.017,
693103,ADVF,TSAG Advanced,33.22129700000000000000,174.73405600000000000000,0.00076400000000000000,-2,,2022-02-09 06:15:00.003,
693104,TCCFUSD,TSAG Counter Cyclical USD,1.56633000000000000000,8.24563200000000000000,0.00003400000000000000,-4,,2022-02-08 06:15:00.017,
693105,TCCFUSD,TSAG Counter Cyclical USD,1.56540100000000000000,8.23354200000000000000,0.00003600000000000000,-4,,2022-02-09 06:15:00.003,
739817,LIBF,TSAG Libra,30.99489500000000000000,162.29547000000000000000,0.00070600000000000000,-3,,2022-02-10 06:15:00.000,
739818,ADVF,TSAG Advanced,33.05829400000000000000,173.09984200000000000000,0.00075200000000000000,-2,,2022-02-10 06:15:00.000,
739819,TCCFUSD,TSAG Counter Cyclical USD,1.53657400000000000000,8.04580900000000000000,0.00003400000000000000,-4,,2022-02-10 06:15:00.000,
904063,ARBF,TSAG Conservative,0.19047900000000000000,1.00000000000000000000,0.00000400000000000000,-1,,2022-02-11 05:30:00.470,
904064,GSAF,TSAG Global Stable,1.00000000000000000000,5.24990000000000000000,0.00002302186993214000,-5,,2022-02-11 05:30:00.470,
904065,LIBF,TSAG Libra,30.27555900000000000000,158.94366100000000000000,0.00069600000000000000,-3,,2022-02-11 05:30:00.470,
904066,ADVF,TSAG Advanced,38.05077500000000000000,199.76276500000000000000,0.00087500000000000000,-2,,2022-02-11 05:30:00.470,
904067,TCCFUSD,TSAG Counter Cyclical USD,1.56373000000000000000,8.20942900000000000000,0.00003600000000000000,-4,,2022-02-11 05:30:00.470,
1063284,ARBF,TSAG Conservative,0.19035200000000000000,1.00000000000000000000,0.00000400000000000000,-1,,2022-02-12 05:30:00.020,
1063285,GSAF,TSAG Global Stable,1.00000000000000000000,5.25339900000000000000,0.00002372449177342000,-5,,2022-02-12 05:30:00.020,
1063286,LIBF,TSAG Libra,28.15655600000000000000,147.91765500000000000000,0.00066700000000000000,-3,,2022-02-12 05:30:00.020,
1063287,ADVF,TSAG Advanced,36.50236200000000000000,191.76151100000000000000,0.00086500000000000000,-2,,2022-02-12 05:30:00.020,
1063288,TCCFUSD,TSAG Counter Cyclical USD,1.55956900000000000000,8.19304400000000000000,0.00003700000000000000,-4,,2022-02-12 05:30:00.020,
1259905,ARBF,TSAG Conservative,0.19033100000000000000,1.00000000000000000000,0.00000400000000000000,-1,,2022-02-13 05:30:00.017,
1259906,GSAF,TSAG Global Stable,1.00000000000000000000,5.25398100000000000000,0.00002356752590180000,-5,,2022-02-13 05:30:00.017,
1259907,LIBF,TSAG Libra,28.55624300000000000000,150.03395900000000000000,0.00067300000000000000,-3,,2022-02-13 05:30:00.017,
1259908,ADVF,TSAG Advanced,36.83034000000000000000,193.50590800000000000000,0.00086700000000000000,-2,,2022-02-13 05:30:00.017,
1259909,TCCFUSD,TSAG Counter Cyclical USD,1.56995600000000000000,8.24852400000000000000,0.00003700000000000000,-4,,2022-02-13 05:30:00.017,
1475080,ARBF,TSAG Conservative,0.19036200000000000000,1.00000000000000000000,0.00000400000000000000,-1,,2022-02-14 05:30:00.010,
1475081,GSAF,TSAG Global Stable,1.00000000000000000000,5.25312400000000000000,0.00002364160036649000,-5,,2022-02-14 05:30:00.010,
1475082,LIBF,TSAG Libra,27.91689100000000000000,146.65092200000000000000,0.00065900000000000000,-3,,2022-02-14 05:30:00.010,
1475083,ADVF,TSAG Advanced,36.50345000000000000000,191.75719100000000000000,0.00086300000000000000,-2,,2022-02-14 05:30:00.010,
1475084,TCCFUSD,TSAG Counter Cyclical USD,1.56503700000000000000,8.22134000000000000000,0.00003700000000000000,-4,,2022-02-14 05:30:00.010,
1680989,ARBF,TSAG Conservative,0.19174300000000000000,1.00000000000000000000,0.00000400000000000000,-1,,2022-02-15 05:30:00.017,
1680990,GSAF,TSAG Global Stable,1.00000000000000000000,5.21530000000000000000,0.00002287354473870000,-5,,2022-02-15 05:30:00.017,
1680991,LIBF,TSAG Libra,28.98545000000000000000,151.16782000000000000000,0.00066200000000000000,-3,,2022-02-15 05:30:00.017,
1680992,ADVF,TSAG Advanced,37.33570800000000000000,194.71692100000000000000,0.00085400000000000000,-2,,2022-02-15 05:30:00.017,
1680993,TCCFUSD,TSAG Counter Cyclical USD,1.57387000000000000000,8.20820700000000000000,0.00003500000000000000,-4,,2022-02-15 05:30:00.017,
1774735,ARBF,TSAG Conservative,0.19276300000000000000,1.00000000000000000000,0.00000400000000000000,-1,,2022-02-16 15:25:03.577,
1774736,GSAF,TSAG Global Stable,1.00000000000000000000,5.18769900000000000000,0.00002274910298960000,-5,,2022-02-16 15:25:03.577,
1774737,LIBF,TSAG Libra,29.36379500000000000000,152.33056000000000000000,0.00066700000000000000,-3,,2022-02-16 15:25:03.577,
1774738,ADVF,TSAG Advanced,37.49598300000000000000,194.51791600000000000000,0.00085300000000000000,-2,,2022-02-16 15:25:03.577,
1774739,TCCFUSD,TSAG Counter Cyclical USD,1.58247900000000000000,8.20943100000000000000,0.00003500000000000000,-4,,2022-02-16 15:25:03.577,
1934517,ARBF,TSAG Conservative,0.19466900000000000000,1.00000000000000000000,0.00000400000000000000,-1,,2022-02-17 08:30:00.027,
1934518,GSAF,TSAG Global Stable,1.00000000000000000000,5.13690000000000000000,0.00002319653306372000,-5,,2022-02-17 08:30:00.027,
1934519,LIBF,TSAG Libra,29.18539500000000000000,149.92246000000000000000,0.00067700000000000000,-3,,2022-02-17 08:30:00.027,
1934520,ADVF,TSAG Advanced,37.16072500000000000000,190.89093100000000000000,0.00086100000000000000,-2,,2022-02-17 08:30:00.027,
1934521,TCCFUSD,TSAG Counter Cyclical USD,1.59506500000000000000,8.19369400000000000000,0.00003600000000000000,-4,,2022-02-17 08:30:00.027,
2131933,ARBF,TSAG Conservative,0.19334100000000000000,1.00000000000000000000,0.00000400000000000000,-1,,2022-02-18 08:30:00.027,
2131934,GSAF,TSAG Global Stable,1.00000000000000000000,5.17219900000000000000,0.00002448808927962000,-5,,2022-02-18 08:30:00.027,
2131935,LIBF,TSAG Libra,27.89111000000000000000,144.25840100000000000000,0.00068300000000000000,-3,,2022-02-18 08:30:00.027,
2131936,ADVF,TSAG Advanced,35.89500100000000000000,185.65612600000000000000,0.00087800000000000000,-2,,2022-02-18 08:30:00.027,
2131937,TCCFUSD,TSAG Counter Cyclical USD,1.59261100000000000000,8.23730300000000000000,0.00003900000000000000,-4,,2022-02-18 08:30:00.027,
2800078,ARBF,TSAG Conservative,0.19465300000000000000,1.00000000000000000000,0.00000500000000000000,-1,,2022-02-21 08:30:00.013,
2800079,GSAF,TSAG Global Stable,1.00000000000000000000,5.13732200000000000000,0.00002603270346032000,-5,,2022-02-21 08:30:00.013,
2800080,LIBF,TSAG Libra,26.00575000000000000000,133.59991600000000000000,0.00067700000000000000,-3,,2022-02-21 08:30:00.013,
2800081,ADVF,TSAG Advanced,34.30300600000000000000,176.22559100000000000000,0.00089300000000000000,-2,,2022-02-21 08:30:00.013,
2800082,TCCFUSD,TSAG Counter Cyclical USD,1.57494200000000000000,8.09098500000000000000,0.00004100000000000000,-4,,2022-02-21 08:30:00.013,
2979093,ARBF,TSAG Conservative,0.19592800000000000000,1.00000000000000000000,0.00000500000000000000,-1,,2022-02-22 08:30:00.027,
2979094,GSAF,TSAG Global Stable,1.00000000000000000000,5.10390000000000000000,0.00002651856472239000,-5,,2022-02-22 08:30:00.027,
2979095,LIBF,TSAG Libra,24.66196800000000000000,125.87222000000000000000,0.00065400000000000000,-3,,2022-02-22 08:30:00.027,
2979096,ADVF,TSAG Advanced,33.33513700000000000000,170.13920800000000000000,0.00088300000000000000,-2,,2022-02-22 08:30:00.027,
2979097,TCCFUSD,TSAG Counter Cyclical USD,1.54608600000000000000,7.89107200000000000000,0.00004100000000000000,-4,,2022-02-22 08:30:00.027,
3205696,ARBF,TSAG Conservative,0.19771800000000000000,1.00000000000000000000,0.00000500000000000000,-1,,2022-02-23 08:30:00.023,
3205697,GSAF,TSAG Global Stable,1.00000000000000000000,5.05769900000000000000,0.00002572586595780000,-5,,2022-02-23 08:30:00.023,
3205698,LIBF,TSAG Libra,26.31592600000000000000,133.09806200000000000000,0.00067700000000000000,-3,,2022-02-23 08:30:00.023,
3205699,ADVF,TSAG Advanced,34.24568800000000000000,173.20442000000000000000,0.00088000000000000000,-2,,2022-02-23 08:30:00.023,
3205700,TCCFUSD,TSAG Counter Cyclical USD,1.55485500000000000000,7.86399200000000000000,0.00004000000000000000,-4,,2022-02-23 08:30:00.023,
3414072,ARBF,TSAG Conservative,0.19959200000000000000,1.00000000000000000000,0.00000500000000000000,-1,,2022-02-24 08:30:00.030,
3414073,GSAF,TSAG Global Stable,1.00000000000000000000,5.01020000000000000000,0.00002838507309834000,-5,,2022-02-24 08:30:00.030,
3414074,LIBF,TSAG Libra,22.82890000000000000000,114.37735600000000000000,0.00064800000000000000,-3,,2022-02-24 08:30:00.030,
3414075,ADVF,TSAG Advanced,31.60111600000000000000,158.32791400000000000000,0.00089700000000000000,-2,,2022-02-24 08:30:00.030,
3414076,TCCFUSD,TSAG Counter Cyclical USD,1.58534000000000000000,7.94287200000000000000,0.00004500000000000000,-4,,2022-02-24 08:30:00.030,
3641917,ARBF,TSAG Conservative,0.19517100000000000000,1.00000000000000000000,0.00000500000000000000,-1,,2022-02-25 08:30:00.027,
3641918,GSAF,TSAG Global Stable,1.00000000000000000000,5.12370000000000000000,0.00002593472470179000,-5,,2022-02-25 08:30:00.027,
3641919,LIBF,TSAG Libra,25.44850600000000000000,130.39051100000000000000,0.00066000000000000000,-3,,2022-02-25 08:30:00.027,
3641920,ADVF,TSAG Advanced,33.46864100000000000000,171.48327800000000000000,0.00086800000000000000,-2,,2022-02-25 08:30:00.027,
3641921,TCCFUSD,TSAG Counter Cyclical USD,1.58089200000000000000,8.10001700000000000000,0.00004100000000000000,-4,,2022-02-25 08:30:00.027,
4287809,ARBF,TSAG Conservative,0.19364000000000000000,1.00000000000000000000,0.00000500000000000000,-1,,2022-02-28 08:30:00.033,
4287810,GSAF,TSAG Global Stable,1.00000000000000000000,5.16420000000000000000,0.00002608975973108000,-5,,2022-02-28 08:30:00.033,
4287811,LIBF,TSAG Libra,26.56214500000000000000,137.17223300000000000000,0.00069300000000000000,-3,,2022-02-28 08:30:00.033,
4287812,ADVF,TSAG Advanced,33.76803800000000000000,174.38490200000000000000,0.00088000000000000000,-2,,2022-02-28 08:30:00.033,
4287813,TCCFUSD,TSAG Counter Cyclical USD,1.53316800000000000000,7.91758900000000000000,0.00003900000000000000,-4,,2022-02-28 08:30:00.033,
4449297,ARBF,TSAG Conservative,0.19378400000000000000,1.00000000000000000000,0.00000400000000000000,-1,,2022-03-01 08:30:00.010,
4449298,GSAF,TSAG Global Stable,1.00000000000000000000,5.16037900000000000000,0.00002300729139687000,-5,,2022-03-01 08:30:00.010,
4449299,LIBF,TSAG Libra,30.16435000000000000000,155.65948000000000000000,0.00069300000000000000,-3,,2022-03-01 08:30:00.010,
4449300,ADVF,TSAG Advanced,36.64055800000000000000,189.07916700000000000000,0.00084200000000000000,-2,,2022-03-01 08:30:00.010,
4449301,TCCFUSD,TSAG Counter Cyclical USD,1.60840800000000000000,8.30000000000000000000,0.00003700000000000000,-4,,2022-03-01 08:30:00.010,
4668159,ARBF,TSAG Conservative,0.19378700000000000000,1.00000000000000000000,0.00000400000000000000,-1,,2022-03-02 08:30:00.030,
4668160,GSAF,TSAG Global Stable,1.00000000000000000000,5.16030000000000000000,0.00002265360401817000,-5,,2022-03-02 08:30:00.030,
4668161,LIBF,TSAG Libra,30.50287200000000000000,157.40397400000000000000,0.00069000000000000000,-3,,2022-03-02 08:30:00.030,
4668162,ADVF,TSAG Advanced,37.21262100000000000000,192.02829300000000000000,0.00084300000000000000,-2,,2022-03-02 08:30:00.030,
4668163,TCCFUSD,TSAG Counter Cyclical USD,1.58915100000000000000,8.20049600000000000000,0.00003500000000000000,-4,,2022-03-02 08:30:00.030,
4878008,ARBF,TSAG Conservative,0.19612000000000000000,1.00000000000000000000,0.00000400000000000000,-1,,2022-03-03 08:30:00.033,
4878009,GSAF,TSAG Global Stable,1.00000000000000000000,5.09890000000000000000,0.00002305622626886000,-5,,2022-03-03 08:30:00.033,
4878010,LIBF,TSAG Libra,29.92684000000000000000,152.59396600000000000000,0.00069000000000000000,-3,,2022-03-03 08:30:00.033,
4878011,ADVF,TSAG Advanced,36.69290800000000000000,187.09347100000000000000,0.00084600000000000000,-2,,2022-03-03 08:30:00.033,
4878012,TCCFUSD,TSAG Counter Cyclical USD,1.60477200000000000000,8.18257500000000000000,0.00003700000000000000,-4,,2022-03-03 08:30:00.033,
4962619,ARBF,TSAG Conservative,0.19872000000000000000,1.00000000000000000000,0.00000400000000000000,-1,,2022-03-04 08:30:00.017,
4962620,GSAF,TSAG Global Stable,1.00000000000000000000,5.03220000000000000000,0.00002397815224871000,-5,,2022-03-04 08:30:00.017,
4962621,LIBF,TSAG Libra,29.02642300000000000000,146.06676800000000000000,0.00069600000000000000,-3,,2022-03-04 08:30:00.017,
4962622,ADVF,TSAG Advanced,35.36552700000000000000,177.96640700000000000000,0.00084800000000000000,-2,,2022-03-04 08:30:00.017,
4962623,TCCFUSD,TSAG Counter Cyclical USD,1.58477600000000000000,7.97491000000000000000,0.00003800000000000000,-4,,2022-03-04 08:30:00.017,
4995652,ARBF,TSAG Conservative,0.19751900000000000000,1.00000000000000000000,0.00000500000000000000,-1,,2022-03-07 08:30:00.020,
4995653,GSAF,TSAG Global Stable,1.00000000000000000000,5.06279900000000000000,0.00002618081945202000,-5,,2022-03-07 08:30:00.020,
4995654,LIBF,TSAG Libra,26.27878000000000000000,133.04420800000000000000,0.00068700000000000000,-3,,2022-03-07 08:30:00.020,
4995655,ADVF,TSAG Advanced,33.34502100000000000000,168.81917700000000000000,0.00087200000000000000,-2,,2022-03-07 08:30:00.020,
4995656,TCCFUSD,TSAG Counter Cyclical USD,1.60422700000000000000,8.12188500000000000000,0.00004200000000000000,-4,,2022-03-07 08:30:00.020,
5006721,ARBF,TSAG Conservative,0.19562400000000000000,1.00000000000000000000,0.00000500000000000000,-1,,2022-03-08 08:30:00.017,
5006722,GSAF,TSAG Global Stable,1.00000000000000000000,5.11182200000000000000,0.00002565932596275000,-5,,2022-03-08 08:30:00.017,
5006723,LIBF,TSAG Libra,26.65697400000000000000,136.26573600000000000000,0.00068400000000000000,-3,,2022-03-08 08:30:00.017,
5006724,ADVF,TSAG Advanced,33.67196700000000000000,172.12514000000000000000,0.00086400000000000000,-2,,2022-03-08 08:30:00.017,
5006725,TCCFUSD,TSAG Counter Cyclical USD,1.63151100000000000000,8.34000000000000000000,0.00004100000000000000,-4,,2022-03-08 08:30:00.017,
5017752,ARBF,TSAG Conservative,0.19762800000000000000,1.00000000000000000000,0.00000400000000000000,-1,,2022-03-09 08:30:00.017,
5017753,GSAF,TSAG Global Stable,1.00000000000000000000,5.06000000000000000000,0.00002372920287025000,-5,,2022-03-09 08:30:00.017,
5017754,LIBF,TSAG Libra,28.90952500000000000000,146.28220000000000000000,0.00068600000000000000,-3,,2022-03-09 08:30:00.017,
5017755,ADVF,TSAG Advanced,35.35727700000000000000,178.90782200000000000000,0.00083900000000000000,-2,,2022-03-09 08:30:00.017,
5017756,TCCFUSD,TSAG Counter Cyclical USD,1.63636300000000000000,8.28000000000000000000,0.00003800000000000000,-4,,2022-03-09 08:30:00.017,
5029372,ARBF,TSAG Conservative,0.19948100000000000000,1.00000000000000000000,0.00000500000000000000,-1,,2022-03-10 08:30:00.023,
5029373,GSAF,TSAG Global Stable,1.00000000000000000000,5.01299900000000000000,0.00002557448500340000,-5,,2022-03-10 08:30:00.023,
5029374,LIBF,TSAG Libra,27.29282700000000000000,136.81894300000000000000,0.00069800000000000000,-3,,2022-03-10 08:30:00.023,
5029375,ADVF,TSAG Advanced,33.82277200000000000000,169.55356100000000000000,0.00086500000000000000,-2,,2022-03-10 08:30:00.023,
5029376,TCCFUSD,TSAG Counter Cyclical USD,1.60316000000000000000,8.03664300000000000000,0.00004100000000000000,-4,,2022-03-10 08:30:00.023,
5040579,ARBF,TSAG Conservative,0.19953300000000000000,1.00000000000000000000,0.00000500000000000000,-1,,2022-03-11 08:30:00.010,
5040580,GSAF,TSAG Global Stable,1.00000000000000000000,5.01170000000000000000,0.00002560717160134000,-5,,2022-03-11 08:30:00.010,
5040581,LIBF,TSAG Libra,27.49229800000000000000,137.78315100000000000000,0.00070300000000000000,-3,,2022-03-11 08:30:00.010,
5040582,ADVF,TSAG Advanced,33.77959900000000000000,169.29321900000000000000,0.00086500000000000000,-2,,2022-03-11 08:30:00.010,
5040583,TCCFUSD,TSAG Counter Cyclical USD,1.60111300000000000000,8.02430300000000000000,0.00004100000000000000,-4,,2022-03-11 08:30:00.010,
5074117,ARBF,TSAG Conservative,0.19704000000000000000,1.00000000000000000000,0.00000500000000000000,-1,,2022-03-14 08:30:00.023,
5074118,GSAF,TSAG Global Stable,1.00000000000000000000,5.07509900000000000000,0.00002558089775866000,-5,,2022-03-14 08:30:00.023,
5074119,LIBF,TSAG Libra,27.01234300000000000000,137.09034500000000000000,0.00069000000000000000,-3,,2022-03-14 08:30:00.023,
5074120,ADVF,TSAG Advanced,33.61883500000000000000,170.61895300000000000000,0.00085900000000000000,-2,,2022-03-14 08:30:00.023,
5074121,TCCFUSD,TSAG Counter Cyclical USD,1.60275800000000000000,8.13415900000000000000,0.00004000000000000000,-4,,2022-03-14 08:30:00.023,
5085257,ARBF,TSAG Conservative,0.19519000000000000000,1.00000000000000000000,0.00000500000000000000,-1,,2022-03-15 08:30:00.017,
5085258,GSAF,TSAG Global Stable,1.00000000000000000000,5.12320000000000000000,0.00002586176015818000,-5,,2022-03-15 08:30:00.017,
5085259,LIBF,TSAG Libra,26.40964800000000000000,135.30191200000000000000,0.00068200000000000000,-3,,2022-03-15 08:30:00.017,
5085260,ADVF,TSAG Advanced,33.25373000000000000000,170.36551200000000000000,0.00086000000000000000,-2,,2022-03-15 08:30:00.017,
5085261,TCCFUSD,TSAG Counter Cyclical USD,1.58535200000000000000,8.12207700000000000000,0.00004100000000000000,-4,,2022-03-15 08:30:00.017,
5096394,ARBF,TSAG Conservative,0.19376300000000000000,1.00000000000000000000,0.00000400000000000000,-1,,2022-03-16 08:30:00.020,
5096395,GSAF,TSAG Global Stable,1.00000000000000000000,5.16092600000000000000,0.00002479735895486000,-5,,2022-03-16 08:30:00.020,
5096396,LIBF,TSAG Libra,27.30129400000000000000,140.89998800000000000000,0.00067700000000000000,-3,,2022-03-16 08:30:00.020,
5096397,ADVF,TSAG Advanced,34.27784300000000000000,176.90545000000000000000,0.00084900000000000000,-2,,2022-03-16 08:30:00.020,
5096398,TCCFUSD,TSAG Counter Cyclical USD,1.57274800000000000000,8.11683800000000000000,0.00003800000000000000,-4,,2022-03-16 08:30:00.020,
5107578,ARBF,TSAG Conservative,0.19692000000000000000,1.00000000000000000000,0.00000400000000000000,-1,,2022-03-17 08:30:00.010,
5107579,GSAF,TSAG Global Stable,1.00000000000000000000,5.07820000000000000000,0.00002455389334342000,-5,,2022-03-17 08:30:00.010,
5107580,LIBF,TSAG Libra,28.22363000000000000000,143.32523800000000000000,0.00069300000000000000,-3,,2022-03-17 08:30:00.010,
5107581,ADVF,TSAG Advanced,34.82136100000000000000,176.82983900000000000000,0.00085500000000000000,-2,,2022-03-17 08:30:00.010,
5107582,TCCFUSD,TSAG Counter Cyclical USD,1.58834200000000000000,8.06592200000000000000,0.00003800000000000000,-4,,2022-03-17 08:30:00.010,
5118757,ARBF,TSAG Conservative,0.19839400000000000000,1.00000000000000000000,0.00000400000000000000,-1,,2022-03-18 08:30:00.020,
5118758,GSAF,TSAG Global Stable,1.00000000000000000000,5.04047400000000000000,0.00002472130781917000,-5,,2022-03-18 08:30:00.020,
5118759,LIBF,TSAG Libra,27.78979100000000000000,140.07372400000000000000,0.00068700000000000000,-3,,2022-03-18 08:30:00.020,
5118760,ADVF,TSAG Advanced,34.62599900000000000000,174.53145200000000000000,0.00085600000000000000,-2,,2022-03-18 08:30:00.020,
5118761,TCCFUSD,TSAG Counter Cyclical USD,1.57758600000000000000,7.95178300000000000000,0.00003800000000000000,-4,,2022-03-18 08:30:00.020,
5144817,ARBF,TSAG Conservative,0.19517100000000000000,1.00000000000000000000,0.00000500000000000000,-1,,2022-02-26 08:30:00.027,
5144818,GSAF,TSAG Global Stable,1.00000000000000000000,5.12370000000000000000,0.00002593472470179000,-5,,2022-02-26 08:30:00.027,
5144819,LIBF,TSAG Libra,25.44850600000000000000,130.39051100000000000000,0.00066000000000000000,-3,,2022-02-26 08:30:00.027,
5144820,ADVF,TSAG Advanced,33.46864100000000000000,171.48327800000000000000,0.00086800000000000000,-2,,2022-02-26 08:30:00.027,
5144821,TCCFUSD,TSAG Counter Cyclical USD,1.58089200000000000000,8.10001700000000000000,0.00004100000000000000,-4,,2022-02-26 08:30:00.027,
5144824,ARBF,TSAG Conservative,0.19517100000000000000,1.00000000000000000000,0.00000500000000000000,-1,,2022-02-27 08:30:00.027,
5144825,GSAF,TSAG Global Stable,1.00000000000000000000,5.12370000000000000000,0.00002593472470179000,-5,,2022-02-27 08:30:00.027,
5144826,LIBF,TSAG Libra,25.44850600000000000000,130.39051100000000000000,0.00066000000000000000,-3,,2022-02-27 08:30:00.027,
5144827,ADVF,TSAG Advanced,33.46864100000000000000,171.48327800000000000000,0.00086800000000000000,-2,,2022-02-27 08:30:00.027,
5144828,TCCFUSD,TSAG Counter Cyclical USD,1.58089200000000000000,8.10001700000000000000,0.00004100000000000000,-4,,2022-02-27 08:30:00.027,
5152256,ARBF,TSAG Conservative,0.19903200000000000000,1.00000000000000000000,0.00000400000000000000,-1,,2022-03-21 08:30:00.030,
5152257,GSAF,TSAG Global Stable,1.00000000000000000000,5.02429900000000000000,0.00002419391199316000,-5,,2022-03-21 08:30:00.030,
5152258,LIBF,TSAG Libra,29.59422100000000000000,148.69024900000000000000,0.00071500000000000000,-3,,2022-03-21 08:30:00.030,
5152259,ADVF,TSAG Advanced,35.58746500000000000000,178.80210100000000000000,0.00086000000000000000,-2,,2022-03-21 08:30:00.030,
5152260,TCCFUSD,TSAG Counter Cyclical USD,1.60831999999999997186,8.08068056767999998158,0.00003891155253685144,-4,,2022-03-21 08:30:00.030,
5163441,ARBF,TSAG Conservative,0.20256400000000000000,1.00000000000000000000,0.00000400000000000000,-1,,2022-03-22 08:30:00.013,
5163442,GSAF,TSAG Global Stable,1.00000000000000000000,4.93670100000000000000,0.00002334283075875000,-5,,2022-03-22 08:30:00.013,
5163443,LIBF,TSAG Libra,30.20199200000000000000,149.09820700000000000000,0.00070500000000000000,-3,,2022-03-22 08:30:00.013,
5163444,ADVF,TSAG Advanced,36.45658900000000000000,179.97528200000000000000,0.00085000000000000000,-2,,2022-03-22 08:30:00.013,
5163445,TCCFUSD,TSAG Counter Cyclical USD,1.62185899999999993959,8.00663294715899986898,0.00003785878015157171,-4,,2022-03-22 08:30:00.013,
5174602,ARBF,TSAG Conservative,0.20362800000000000000,1.00000000000000000000,0.00000400000000000000,-1,,2022-03-23 08:30:00.017,
5174603,GSAF,TSAG Global Stable,1.00000000000000000000,4.91090000000000000000,0.00002368923483998000,-5,,2022-03-23 08:30:00.017,
5174604,LIBF,TSAG Libra,29.97141900000000000000,147.18664500000000000000,0.00070900000000000000,-3,,2022-03-23 08:30:00.017,
5174605,ADVF,TSAG Advanced,36.05013000000000000000,177.03858400000000000000,0.00085300000000000000,-2,,2022-03-23 08:30:00.017,
5174606,TCCFUSD,TSAG Counter Cyclical USD,1.61751000000000000334,7.94342985900000009281,0.00003831757424601861,-4,,2022-03-23 08:30:00.017,
5185768,ARBF,TSAG Conservative,0.20722300000000000000,1.00000000000000000000,0.00000400000000000000,-1,,2022-03-24 08:30:00.007,
5185769,GSAF,TSAG Global Stable,1.00000000000000000000,4.82569900000000000000,0.00002323737785144000,-5,,2022-03-24 08:30:00.007,
5185770,LIBF,TSAG Libra,31.41490400000000000000,151.59890300000000000000,0.00072900000000000000,-3,,2022-03-24 08:30:00.007,
5185771,ADVF,TSAG Advanced,37.09540700000000000000,179.01130800000000000000,0.00086200000000000000,-2,,2022-03-24 08:30:00.007,
5185772,TCCFUSD,TSAG Counter Cyclical USD,1.63159100000000001351,7.87356705710900062201,0.00003791389656602362,-4,,2022-03-24 08:30:00.007,
5196949,ARBF,TSAG Conservative,0.20715900000000000000,1.00000000000000000000,0.00000400000000000000,-1,,2022-03-25 08:30:00.017,
5196950,GSAF,TSAG Global Stable,1.00000000000000000000,4.82719900000000000000,0.00002260746071318000,-5,,2022-03-25 08:30:00.017,
5196951,LIBF,TSAG Libra,31.93635900000000000000,154.16319600000000000000,0.00072100000000000000,-3,,2022-03-25 08:30:00.017,
5196952,ADVF,TSAG Advanced,37.77514000000000000000,182.34815700000000000000,0.00085300000000000000,-2,,2022-03-25 08:30:00.017,
5196953,TCCFUSD,TSAG Counter Cyclical USD,1.64725699999999997125,7.95163734314300008066,0.00003724029791202369,-4,,2022-03-25 08:30:00.017,
5208121,ARBF,TSAG Conservative,0.21082800000000000000,1.00000000000000000000,0.00000400000000000000,-1,,2022-03-26 08:30:00.020,
5208122,GSAF,TSAG Global Stable,1.00000000000000000000,4.74320000000000000000,0.00002250247927098000,-5,,2022-03-26 08:30:00.020,
5208123,LIBF,TSAG Libra,31.37432000000000000000,148.81467800000000000000,0.00070600000000000000,-3,,2022-03-26 08:30:00.020,
5208124,ADVF,TSAG Advanced,37.86249400000000000000,179.58938400000000000000,0.00085100000000000000,-2,,2022-03-26 08:30:00.020,
5208125,TCCFUSD,TSAG Counter Cyclical USD,1.65344200000000007833,7.84260609439999978321,0.00003720654433078232,-4,,2022-03-26 08:30:00.020,
5219249,ARBF,TSAG Conservative,0.21082900000000000000,1.00000000000000000000,0.00000400000000000000,-1,,2022-03-27 08:30:00.013,
5219250,GSAF,TSAG Global Stable,1.00000000000000000000,4.74317300000000000000,0.00002243834846317000,-5,,2022-03-27 08:30:00.013,
5219251,LIBF,TSAG Libra,31.64225700000000000000,150.08470100000000000000,0.00070900000000000000,-3,,2022-03-27 08:30:00.013,
5219252,ADVF,TSAG Advanced,37.88157500000000000000,179.67886800000000000000,0.00085000000000000000,-2,,2022-03-27 08:30:00.013,
5219253,TCCFUSD,TSAG Counter Cyclical USD,1.65464400000000000368,7.84826274541199975232,0.00003712747865450812,-4,,2022-03-27 08:30:00.013,
5230425,ARBF,TSAG Conservative,0.21081900000000000000,1.00000000000000000000,0.00000400000000000000,-1,,2022-03-28 08:30:00.030,
5230426,GSAF,TSAG Global Stable,1.00000000000000000000,4.74339400000000000000,0.00002120302502839000,-5,,2022-03-28 08:30:00.030,
5230427,LIBF,TSAG Libra,33.62727700000000000000,159.50745900000000000000,0.00071300000000000000,-3,,2022-03-28 08:30:00.030,
5230428,ADVF,TSAG Advanced,39.66415100000000000000,188.14273900000000000000,0.00084100000000000000,-2,,2022-03-28 08:30:00.030,
5230429,TCCFUSD,TSAG Counter Cyclical USD,1.65580799999999994654,7.85414973235199997958,0.00003510813846621571,-4,,2022-03-28 08:30:00.030,
5241656,ARBF,TSAG Conservative,0.20986300000000000000,1.00000000000000000000,0.00000400000000000000,-1,,2022-03-29 08:30:00.020,
5241657,GSAF,TSAG Global Stable,1.00000000000000000000,4.76499900000000000000,0.00002101234516330000,-5,,2022-03-29 08:30:00.020,
5241658,LIBF,TSAG Libra,34.17038800000000000000,162.82190200000000000000,0.00071800000000000000,-3,,2022-03-29 08:30:00.020,
5241659,ADVF,TSAG Advanced,39.92890800000000000000,190.26124700000000000000,0.00083800000000000000,-2,,2022-03-29 08:30:00.020,
5241660,TCCFUSD,TSAG Counter Cyclical USD,1.65083800000000002761,7.86624141916200070312,0.00003468797786469985,-4,,2022-03-29 08:30:00.020,
5252918,ARBF,TSAG Conservative,0.21019400000000000000,1.00000000000000000000,0.00000400000000000000,-1,,2022-03-30 08:30:00.017,
5252919,GSAF,TSAG Global Stable,1.00000000000000000000,4.75749900000000000000,0.00002114727783225000,-5,,2022-03-30 08:30:00.017,
5252920,LIBF,TSAG Libra,34.04693500000000000000,161.97829500000000000000,0.00072000000000000000,-3,,2022-03-30 08:30:00.017,
5252921,ADVF,TSAG Advanced,39.95786100000000000000,190.09952600000000000000,0.00084400000000000000,-2,,2022-03-30 08:30:00.017,
5252922,TCCFUSD,TSAG Counter Cyclical USD,1.64836399999999994037,7.84209008163599996521,0.00003485841147668881,-4,,2022-03-30 08:30:00.017,
5275058,ARBF,TSAG Conservative,0.17949100000000000000,1.00000000000000000000,0.00000300000000000000,-1,,2022-01-01 00:00:00.000,
5275059,GSAF,TSAG Global Stable,1.00000000000000000000,5.57130000000000000000,0.00002132834519721000,-5,,2022-01-01 00:00:00.000,
5275060,LIBF,TSAG Libra,26.51621300000000000000,135.28306800000000000000,0.00068100000000000000,-3,,2022-01-01 00:00:00.000,
5275061,ADVF,TSAG Advanced,32.73702500000000000000,167.02103200000000000000,0.00084200000000000000,-2,,2022-01-01 00:00:00.000,
5275062,TCCFUSD,TSAG Counter Cyclical USD,1.61409800000000003273,8.99262418740000057937,0.00003442603932612988,-4,,2022-01-01 00:00:00.000,
5275066,ARBF,TSAG Conservative,0.17949100000000000000,1.00000000000000000000,0.00000300000000000000,-1,,2022-01-02 00:00:00.000,
5275067,GSAF,TSAG Global Stable,1.00000000000000000000,5.57129900000000000000,0.00002097053305941000,-5,,2022-01-02 00:00:00.000,
5275068,LIBF,TSAG Libra,26.51621300000000000000,135.28306800000000000000,0.00068100000000000000,-3,,2022-01-02 00:00:00.000,
5275069,ADVF,TSAG Advanced,32.50374500000000000000,165.83085800000000000000,0.00083600000000000000,-2,,2022-01-02 00:00:00.000,
5275070,TCCFUSD,TSAG Counter Cyclical USD,1.61409800000000003273,8.99262257330200043270,0.00003384849547014055,-4,,2022-01-02 00:00:00.000,
5275074,ARBF,TSAG Conservative,0.17866300000000000000,1.00000000000000000000,0.00000300000000000000,-1,,2022-01-03 00:00:00.000,
5275075,GSAF,TSAG Global Stable,1.00000000000000000000,5.59709900000000000000,0.00002114870744046000,-5,,2022-01-03 00:00:00.000,
5275076,LIBF,TSAG Libra,26.51621300000000000000,135.28306800000000000000,0.00068100000000000000,-3,,2022-01-03 00:00:00.000,
5275077,ADVF,TSAG Advanced,32.73702500000000000000,167.02103200000000000000,0.00084200000000000000,-2,,2022-01-03 00:00:00.000,
5275078,TCCFUSD,TSAG Counter Cyclical USD,1.61409800000000003273,9.03426630170200084535,0.00003413608638223950,-4,,2022-01-03 00:00:00.000,
5275082,ARBF,TSAG Conservative,0.17598100000000000000,1.00000000000000000000,0.00000300000000000000,-1,,2022-01-04 00:00:00.000,
5275083,GSAF,TSAG Global Stable,1.00000000000000000000,5.68240100000000000000,0.00002150295952334000,-5,,2022-01-04 00:00:00.000,
5275084,LIBF,TSAG Libra,26.51621300000000000000,135.28306800000000000000,0.00068100000000000000,-3,,2022-01-04 00:00:00.000,
5275085,ADVF,TSAG Advanced,32.73702500000000000000,167.02103200000000000000,0.00084200000000000000,-2,,2022-01-04 00:00:00.000,
5275086,TCCFUSD,TSAG Counter Cyclical USD,1.61409800000000003273,9.17195208929799932207,0.00003470788396070965,-4,,2022-01-04 00:00:00.000,
5275090,ARBF,TSAG Conservative,0.17612700000000000000,1.00000000000000000000,0.00000300000000000000,-1,,2022-01-05 00:00:00.000,
5275091,GSAF,TSAG Global Stable,1.00000000000000000000,5.67769900000000000000,0.00002181267441628000,-5,,2022-01-05 00:00:00.000,
5275092,LIBF,TSAG Libra,26.51621300000000000000,135.28306800000000000000,0.00068100000000000000,-3,,2022-01-05 00:00:00.000,
5275093,ADVF,TSAG Advanced,32.73702500000000000000,167.02103200000000000000,0.00084200000000000000,-2,,2022-01-05 00:00:00.000,
5275094,TCCFUSD,TSAG Counter Cyclical USD,1.61409800000000003273,9.16436260050199891225,0.00003520779414998339,-4,,2022-01-05 00:00:00.000,
5275098,ARBF,TSAG Conservative,0.17515500000000000000,1.00000000000000000000,0.00000400000000000000,-1,,2022-01-06 00:00:00.000,
5275099,GSAF,TSAG Global Stable,1.00000000000000000000,5.70920000000000000000,0.00002302607095992000,-5,,2022-01-06 00:00:00.000,
5275100,LIBF,TSAG Libra,26.51621300000000000000,135.28306800000000000000,0.00068100000000000000,-3,,2022-01-06 00:00:00.000,
5275101,ADVF,TSAG Advanced,33.20358600000000000000,169.40137900000000000000,0.00085400000000000000,-2,,2022-01-06 00:00:00.000,
5275102,TCCFUSD,TSAG Counter Cyclical USD,1.61409800000000003273,9.21520830160000059550,0.00003716633508427562,-4,,2022-01-06 00:00:00.000,
5275106,ARBF,TSAG Conservative,0.17594100000000000000,1.00000000000000000000,0.00000400000000000000,-1,,2022-01-07 00:00:00.000,
5275107,GSAF,TSAG Global Stable,1.00000000000000000000,5.68370000000000000000,0.00002317337431275000,-5,,2022-01-07 00:00:00.000,
5275108,LIBF,TSAG Libra,26.51621300000000000000,135.28306800000000000000,0.00068100000000000000,-3,,2022-01-07 00:00:00.000,
5275109,ADVF,TSAG Advanced,33.20358600000000000000,169.40137900000000000000,0.00085400000000000000,-2,,2022-01-07 00:00:00.000,
5275110,TCCFUSD,TSAG Counter Cyclical USD,1.61409800000000003273,9.17404880259999977454,0.00003740409713147457,-4,,2022-01-07 00:00:00.000,
5275114,ARBF,TSAG Conservative,0.17743700000000000000,1.00000000000000000000,0.00000400000000000000,-1,,2022-01-08 00:00:00.000,
5275115,GSAF,TSAG Global Stable,1.00000000000000000000,5.63580000000000000000,0.00002400508825677000,-5,,2022-01-08 00:00:00.000,
5275116,LIBF,TSAG Libra,26.51621300000000000000,135.28306800000000000000,0.00068100000000000000,-3,,2022-01-08 00:00:00.000,
5275117,ADVF,TSAG Advanced,33.39798700000000000000,170.39319000000000000000,0.00085800000000000000,-2,,2022-01-08 00:00:00.000,
5275118,TCCFUSD,TSAG Counter Cyclical USD,1.61409800000000003273,9.09673350839999983464,0.00003874656494508598,-4,,2022-01-08 00:00:00.000,
5275122,ARBF,TSAG Conservative,0.17743700000000000000,1.00000000000000000000,0.00000400000000000000,-1,,2022-01-09 00:00:00.000,
5275123,GSAF,TSAG Global Stable,1.00000000000000000000,5.63580000000000000000,0.00002400892810578000,-5,,2022-01-09 00:00:00.000,
5275124,LIBF,TSAG Libra,26.51621300000000000000,135.28306800000000000000,0.00068100000000000000,-3,,2022-01-09 00:00:00.000,
5275125,ADVF,TSAG Advanced,33.39798700000000000000,170.39319000000000000000,0.00085800000000000000,-2,,2022-01-09 00:00:00.000,
5275126,TCCFUSD,TSAG Counter Cyclical USD,1.61409800000000003273,9.09673350839999983464,0.00003875276283769560,-4,,2022-01-09 00:00:00.000,
5275130,ARBF,TSAG Conservative,0.17746200000000000000,1.00000000000000000000,0.00000400000000000000,-1,,2022-01-10 00:00:00.000,
5275131,GSAF,TSAG Global Stable,1.00000000000000000000,5.63500000000000000000,0.00002383700433572000,-5,,2022-01-10 00:00:00.000,
5275132,LIBF,TSAG Libra,26.51621300000000000000,135.28306800000000000000,0.00068100000000000000,-3,,2022-01-10 00:00:00.000,
5275133,ADVF,TSAG Advanced,33.20358600000000000000,169.40137900000000000000,0.00085400000000000000,-2,,2022-01-10 00:00:00.000,
5275134,TCCFUSD,TSAG Counter Cyclical USD,1.61409800000000003273,9.09544222999999973922,0.00003847526102428950,-4,,2022-01-10 00:00:00.000,
5275138,ARBF,TSAG Conservative,0.17656600000000000000,1.00000000000000000000,0.00000400000000000000,-1,,2022-01-11 00:00:00.000,
5275139,GSAF,TSAG Global Stable,1.00000000000000000000,5.66359900000000000000,0.00002393591633748000,-5,,2022-01-11 00:00:00.000,
5275140,LIBF,TSAG Libra,26.51621300000000000000,135.28306800000000000000,0.00068100000000000000,-3,,2022-01-11 00:00:00.000,
5275141,ADVF,TSAG Advanced,33.20358600000000000000,169.40137900000000000000,0.00085400000000000000,-2,,2022-01-11 00:00:00.000,
5275142,TCCFUSD,TSAG Counter Cyclical USD,1.61409800000000003273,9.14160381870200033916,0.00003863491468850651,-4,,2022-01-11 00:00:00.000,
5275146,ARBF,TSAG Conservative,0.17955500000000000000,1.00000000000000000000,0.00000400000000000000,-1,,2022-01-12 00:00:00.000,
5275147,GSAF,TSAG Global Stable,1.00000000000000000000,5.56930000000000000000,0.00002337323652513000,-5,,2022-01-12 00:00:00.000,
5275148,LIBF,TSAG Libra,26.51621300000000000000,135.28306800000000000000,0.00068100000000000000,-3,,2022-01-12 00:00:00.000,
5275149,ADVF,TSAG Advanced,33.20358600000000000000,169.40137900000000000000,0.00085400000000000000,-2,,2022-01-12 00:00:00.000,
5275150,TCCFUSD,TSAG Counter Cyclical USD,1.61409800000000003273,8.98939599140000034083,0.00003772669432875263,-4,,2022-01-12 00:00:00.000,
5275154,ARBF,TSAG Conservative,0.18066500000000000000,1.00000000000000000000,0.00000400000000000000,-1,,2022-01-13 00:00:00.000,
5275155,GSAF,TSAG Global Stable,1.00000000000000000000,5.53510000000000000000,0.00002274439845964000,-5,,2022-01-13 00:00:00.000,
5275156,LIBF,TSAG Libra,26.51621300000000000000,135.28306800000000000000,0.00068100000000000000,-3,,2022-01-13 00:00:00.000,
5275157,ADVF,TSAG Advanced,32.97030600000000000000,168.21120500000000000000,0.00084700000000000000,-2,,2022-01-13 00:00:00.000,
5275158,TCCFUSD,TSAG Counter Cyclical USD,1.61409800000000003273,8.93419383980000070267,0.00003671168806490875,-4,,2022-01-13 00:00:00.000,
5275162,ARBF,TSAG Conservative,0.18087400000000000000,1.00000000000000000000,0.00000400000000000000,-1,,2022-01-14 00:00:00.000,
5275163,GSAF,TSAG Global Stable,1.00000000000000000000,5.52869900000000000000,0.00002350062287739000,-5,,2022-01-14 00:00:00.000,
5275164,LIBF,TSAG Libra,26.51621300000000000000,135.28306800000000000000,0.00068100000000000000,-3,,2022-01-14 00:00:00.000,
5275165,ADVF,TSAG Advanced,33.20358600000000000000,169.40137900000000000000,0.00085400000000000000,-2,,2022-01-14 00:00:00.000,
5275166,TCCFUSD,TSAG Counter Cyclical USD,1.61409800000000003273,8.92386199850199979267,0.00003793230838515581,-4,,2022-01-14 00:00:00.000,
5275170,ARBF,TSAG Conservative,0.18067100000000000000,1.00000000000000000000,0.00000400000000000000,-1,,2022-01-15 00:00:00.000,
5275171,GSAF,TSAG Global Stable,1.00000000000000000000,5.53490000000000000000,0.00002316623153527000,-5,,2022-01-15 00:00:00.000,
5275172,LIBF,TSAG Libra,26.51621300000000000000,135.28306800000000000000,0.00068100000000000000,-3,,2022-01-15 00:00:00.000,
5275173,ADVF,TSAG Advanced,33.20358600000000000000,169.40137900000000000000,0.00085400000000000000,-2,,2022-01-15 00:00:00.000,
5275174,TCCFUSD,TSAG Counter Cyclical USD,1.61409800000000003273,8.93387102020000156699,0.00003739256798862286,-4,,2022-01-15 00:00:00.000,
5275178,ARBF,TSAG Conservative,0.18067100000000000000,1.00000000000000000000,0.00000400000000000000,-1,,2022-01-16 00:00:00.000,
5275179,GSAF,TSAG Global Stable,1.00000000000000000000,5.53489900000000000000,0.00002318803823779000,-5,,2022-01-16 00:00:00.000,
5275180,LIBF,TSAG Libra,26.51621300000000000000,135.28306800000000000000,0.00068100000000000000,-3,,2022-01-16 00:00:00.000,
5275181,ADVF,TSAG Advanced,33.20358600000000000000,169.40137900000000000000,0.00085400000000000000,-2,,2022-01-16 00:00:00.000,
5275182,TCCFUSD,TSAG Counter Cyclical USD,1.61409800000000003273,8.93386940610200142032,0.00003742776614354738,-4,,2022-01-16 00:00:00.000,
5275186,ARBF,TSAG Conservative,0.18067100000000000000,1.00000000000000000000,0.00000400000000000000,-1,,2022-01-17 00:00:00.000,
5275187,GSAF,TSAG Global Stable,1.00000000000000000000,5.53489900000000000000,0.00002317700798627000,-5,,2022-01-17 00:00:00.000,
5275188,LIBF,TSAG Libra,26.51621300000000000000,135.28306800000000000000,0.00068100000000000000,-3,,2022-01-17 00:00:00.000,
5275189,ADVF,TSAG Advanced,33.20358600000000000000,169.40137900000000000000,0.00085400000000000000,-2,,2022-01-17 00:00:00.000,
5275190,TCCFUSD,TSAG Counter Cyclical USD,1.61409800000000003273,8.93386940610200142032,0.00003740996223662988,-4,,2022-01-17 00:00:00.000,
5275194,ARBF,TSAG Conservative,0.18125100000000000000,1.00000000000000000000,0.00000400000000000000,-1,,2022-01-18 00:00:00.000,
5275195,GSAF,TSAG Global Stable,1.00000000000000000000,5.51719900000000000000,0.00002365951550168000,-5,,2022-01-18 00:00:00.000,
5275196,LIBF,TSAG Libra,26.51621300000000000000,135.28306800000000000000,0.00068100000000000000,-3,,2022-01-18 00:00:00.000,
5275197,ADVF,TSAG Advanced,33.20358600000000000000,169.40137900000000000000,0.00085400000000000000,-2,,2022-01-18 00:00:00.000,
5275198,TCCFUSD,TSAG Counter Cyclical USD,1.61409800000000003273,8.90529987150200064150,0.00003818877665224045,-4,,2022-01-18 00:00:00.000,
5275202,ARBF,TSAG Conservative,0.17962000000000000000,1.00000000000000000000,0.00000400000000000000,-1,,2022-01-19 00:00:00.000,
5275203,GSAF,TSAG Global Stable,1.00000000000000000000,5.56729900000000000000,0.00002360436493292000,-5,,2022-01-19 00:00:00.000,
5275204,LIBF,TSAG Libra,26.51621300000000000000,135.28306800000000000000,0.00068100000000000000,-3,,2022-01-19 00:00:00.000,
5275205,ADVF,TSAG Advanced,33.20358600000000000000,169.40137900000000000000,0.00085400000000000000,-2,,2022-01-19 00:00:00.000,
5275206,TCCFUSD,TSAG Counter Cyclical USD,1.61409800000000003273,8.98616618130199995562,0.00003809975822951158,-4,,2022-01-19 00:00:00.000,
5275210,ARBF,TSAG Conservative,0.18386700000000000000,1.00000000000000000000,0.00000400000000000000,-1,,2022-01-20 00:00:00.000,
5275211,GSAF,TSAG Global Stable,1.00000000000000000000,5.43870000000000000000,0.00002395982766657000,-5,,2022-01-20 00:00:00.000,
5275212,LIBF,TSAG Libra,26.51621300000000000000,135.28306800000000000000,0.00068100000000000000,-3,,2022-01-20 00:00:00.000,
5275213,ADVF,TSAG Advanced,33.20358600000000000000,169.40137900000000000000,0.00085400000000000000,-2,,2022-01-20 00:00:00.000,
5275214,TCCFUSD,TSAG Counter Cyclical USD,1.61409800000000003273,8.77859479259999986311,0.00003867350991696981,-4,,2022-01-20 00:00:00.000,
5275218,ARBF,TSAG Conservative,0.18448800000000000000,1.00000000000000000000,0.00000400000000000000,-1,,2022-01-21 00:00:00.000,
5275219,GSAF,TSAG Global Stable,1.00000000000000000000,5.42040000000000000000,0.00002460616279855000,-5,,2022-01-21 00:00:00.000,
5275220,LIBF,TSAG Libra,26.51621300000000000000,135.28306800000000000000,0.00068100000000000000,-3,,2022-01-21 00:00:00.000,
5275221,ADVF,TSAG Advanced,33.39798700000000000000,170.39319000000000000000,0.00085800000000000000,-2,,2022-01-21 00:00:00.000,
5275222,TCCFUSD,TSAG Counter Cyclical USD,1.61409800000000003273,8.74905679919999990091,0.00003971675816081495,-4,,2022-01-21 00:00:00.000,
5275226,ARBF,TSAG Conservative,0.18319300000000000000,1.00000000000000000000,0.00000400000000000000,-1,,2022-01-22 00:00:00.000,
5275227,GSAF,TSAG Global Stable,1.00000000000000000000,5.45869900000000000000,0.00002725845793215000,-5,,2022-01-22 00:00:00.000,
5275228,LIBF,TSAG Libra,26.51621300000000000000,135.28306800000000000000,0.00068100000000000000,-3,,2022-01-22 00:00:00.000,
5275229,ADVF,TSAG Advanced,34.09782800000000000000,173.96371100000000000000,0.00087600000000000000,-2,,2022-01-22 00:00:00.000,
5275230,TCCFUSD,TSAG Counter Cyclical USD,1.61409800000000003273,8.81087513850200032550,0.00004399782243137481,-4,,2022-01-22 00:00:00.000,
5275234,ARBF,TSAG Conservative,0.18319300000000000000,1.00000000000000000000,0.00000500000000000000,-1,,2022-01-23 00:00:00.000,
5275235,GSAF,TSAG Global Stable,1.00000000000000000000,5.45870000000000000000,0.00002854651005202000,-5,,2022-01-23 00:00:00.000,
5275236,LIBF,TSAG Libra,26.51621300000000000000,135.28306800000000000000,0.00068100000000000000,-3,,2022-01-23 00:00:00.000,
5275237,ADVF,TSAG Advanced,34.29222800000000000000,174.95552200000000000000,0.00088100000000000000,-2,,2022-01-23 00:00:00.000,
5275238,TCCFUSD,TSAG Counter Cyclical USD,1.61409800000000003273,8.81087675260000047217,0.00004607686478194558,-4,,2022-01-23 00:00:00.000,
5275242,ARBF,TSAG Conservative,0.18314800000000000000,1.00000000000000000000,0.00000500000000000000,-1,,2022-01-24 00:00:00.000,
5275243,GSAF,TSAG Global Stable,1.00000000000000000000,5.46004900000000000000,0.00002765248415392000,-5,,2022-01-24 00:00:00.000,
5275244,LIBF,TSAG Libra,26.51621300000000000000,135.28306800000000000000,0.00068100000000000000,-3,,2022-01-24 00:00:00.000,
5275245,ADVF,TSAG Advanced,34.09782800000000000000,173.96371100000000000000,0.00087600000000000000,-2,,2022-01-24 00:00:00.000,
5275246,TCCFUSD,TSAG Counter Cyclical USD,1.61409800000000003273,8.81305417080199937629,0.00004463381936788841,-4,,2022-01-24 00:00:00.000,
5275250,ARBF,TSAG Conservative,0.18222900000000000000,1.00000000000000000000,0.00000400000000000000,-1,,2022-01-25 00:00:00.000,
5275251,GSAF,TSAG Global Stable,1.00000000000000000000,5.48759900000000000000,0.00002733101345488000,-5,,2022-01-25 00:00:00.000,
5275252,LIBF,TSAG Libra,26.51621300000000000000,135.28306800000000000000,0.00068100000000000000,-3,,2022-01-25 00:00:00.000,
5275253,ADVF,TSAG Advanced,34.09782800000000000000,173.96371100000000000000,0.00087600000000000000,-2,,2022-01-25 00:00:00.000,
5275254,TCCFUSD,TSAG Counter Cyclical USD,1.61409800000000003273,8.85752257070200066380,0.00004411493415549891,-4,,2022-01-25 00:00:00.000,
5275258,ARBF,TSAG Conservative,0.18369400000000000000,1.00000000000000000000,0.00000400000000000000,-1,,2022-01-26 00:00:00.000,
5275259,GSAF,TSAG Global Stable,1.00000000000000000000,5.44383300000000000000,0.00002708356680699000,-5,,2022-01-26 00:00:00.000,
5275260,LIBF,TSAG Libra,26.51621300000000000000,135.28306800000000000000,0.00068100000000000000,-3,,2022-01-26 00:00:00.000,
5275261,ADVF,TSAG Advanced,34.09782800000000000000,173.96371100000000000000,0.00087600000000000000,-2,,2022-01-26 00:00:00.000,
5275262,TCCFUSD,TSAG Counter Cyclical USD,1.61409800000000003273,8.78687995763399953830,0.00004371553101603749,-4,,2022-01-26 00:00:00.000,
5275266,ARBF,TSAG Conservative,0.18406900000000000000,1.00000000000000000000,0.00000500000000000000,-1,,2022-01-27 00:00:00.000,
5275267,GSAF,TSAG Global Stable,1.00000000000000000000,5.43272500000000000000,0.00002718731695295000,-5,,2022-01-27 00:00:00.000,
5275268,LIBF,TSAG Libra,26.51621300000000000000,135.28306800000000000000,0.00068100000000000000,-3,,2022-01-27 00:00:00.000,
5275269,ADVF,TSAG Advanced,34.09782800000000000000,173.96371100000000000000,0.00087600000000000000,-2,,2022-01-27 00:00:00.000,
5275270,TCCFUSD,TSAG Counter Cyclical USD,1.61409800000000003273,8.76895055704999926149,0.00004388299391912600,-4,,2022-01-27 00:00:00.000,
5275274,ARBF,TSAG Conservative,0.18494500000000000000,1.00000000000000000000,0.00000400000000000000,-1,,2022-01-28 00:00:00.000,
5275275,GSAF,TSAG Global Stable,1.00000000000000000000,5.40700300000000000000,0.00002692667276004000,-5,,2022-01-28 00:00:00.000,
5275276,LIBF,TSAG Libra,26.51621300000000000000,135.28306800000000000000,0.00068100000000000000,-3,,2022-01-28 00:00:00.000,
5275277,ADVF,TSAG Advanced,33.86454700000000000000,172.77353700000000000000,0.00087000000000000000,-2,,2022-01-28 00:00:00.000,
5275278,TCCFUSD,TSAG Counter Cyclical USD,1.61409800000000003273,8.72743272829399963086,0.00004346228864864585,-4,,2022-01-28 00:00:00.000,
5275282,ARBF,TSAG Conservative,0.18628500000000000000,1.00000000000000000000,0.00000400000000000000,-1,,2022-01-29 00:00:00.000,
5275283,GSAF,TSAG Global Stable,1.00000000000000000000,5.36811300000000000000,0.00002649659208521000,-5,,2022-01-29 00:00:00.000,
5275284,LIBF,TSAG Libra,26.51621300000000000000,135.28306800000000000000,0.00068100000000000000,-3,,2022-01-29 00:00:00.000,
5275285,ADVF,TSAG Advanced,33.86454700000000000000,172.77353700000000000000,0.00087000000000000000,-2,,2022-01-29 00:00:00.000,
5275286,TCCFUSD,TSAG Counter Cyclical USD,1.61409800000000003273,8.66466045707399956655,0.00004276809629156799,-4,,2022-01-29 00:00:00.000,
5275290,ARBF,TSAG Conservative,0.18628500000000000000,1.00000000000000000000,0.00000400000000000000,-1,,2022-01-30 00:00:00.000,
5275291,GSAF,TSAG Global Stable,1.00000000000000000000,5.36811300000000000000,0.00002621846826920000,-5,,2022-01-30 00:00:00.000,
5275292,LIBF,TSAG Libra,26.51621300000000000000,135.28306800000000000000,0.00068100000000000000,-3,,2022-01-30 00:00:00.000,
5275293,ADVF,TSAG Advanced,33.86454700000000000000,172.77353700000000000000,0.00087000000000000000,-2,,2022-01-30 00:00:00.000,
5275294,TCCFUSD,TSAG Counter Cyclical USD,1.61409800000000003273,8.66466045707399956655,0.00004231917719638999,-4,,2022-01-30 00:00:00.000,
5275298,ARBF,TSAG Conservative,0.18631500000000000000,1.00000000000000000000,0.00000400000000000000,-1,,2022-01-31 00:00:00.000,
5275299,GSAF,TSAG Global Stable,1.00000000000000000000,5.36724900000000000000,0.00002636955532738000,-5,,2022-01-31 00:00:00.000,
5275300,LIBF,TSAG Libra,26.51621300000000000000,135.28306800000000000000,0.00068100000000000000,-3,,2022-01-31 00:00:00.000,
5275301,ADVF,TSAG Advanced,33.86454700000000000000,172.77353700000000000000,0.00087000000000000000,-2,,2022-01-31 00:00:00.000,
5275302,TCCFUSD,TSAG Counter Cyclical USD,1.61409800000000003273,8.66326587640200074247,0.00004256304651482557,-4,,2022-01-31 00:00:00.000,
5275306,ARBF,TSAG Conservative,0.18851500000000000000,1.00000000000000000000,0.00000400000000000000,-1,,2022-02-01 00:00:00.000,
5275307,GSAF,TSAG Global Stable,1.00000000000000000000,5.30460000000000000000,0.00002603309054158000,-5,,2022-02-01 00:00:00.000,
5275308,LIBF,TSAG Libra,26.51621300000000000000,135.28306800000000000000,0.00068100000000000000,-3,,2022-02-01 00:00:00.000,
5275309,ADVF,TSAG Advanced,33.86454700000000000000,172.77353700000000000000,0.00087000000000000000,-2,,2022-02-01 00:00:00.000,
5275310,TCCFUSD,TSAG Counter Cyclical USD,1.61409800000000003273,8.56214425079999941204,0.00004201995937698823,-4,,2022-02-01 00:00:00.000,
5275314,ARBF,TSAG Conservative,0.18989000000000000000,1.00000000000000000000,0.00000400000000000000,-1,,2022-02-02 00:00:00.000,
5275315,GSAF,TSAG Global Stable,1.00000000000000000000,5.26619900000000000000,0.00002580105658533000,-5,,2022-02-02 00:00:00.000,
5275316,LIBF,TSAG Libra,26.51621300000000000000,135.28306800000000000000,0.00068100000000000000,-3,,2022-02-02 00:00:00.000,
5275317,ADVF,TSAG Advanced,33.63126700000000000000,171.58336400000000000000,0.00086500000000000000,-2,,2022-02-02 00:00:00.000,
5275318,TCCFUSD,TSAG Counter Cyclical USD,1.61409800000000003273,8.50016127350200001445,0.00004164543383228071,-4,,2022-02-02 00:00:00.000,
5275322,ARBF,TSAG Conservative,0.19000500000000000000,1.00000000000000000000,0.00000500000000000000,-1,,2022-02-03 00:00:00.000,
5275323,GSAF,TSAG Global Stable,1.00000000000000000000,5.26299900000000000000,0.00002706288986243000,-5,,2022-02-03 00:00:00.000,
5275324,LIBF,TSAG Libra,26.51621300000000000000,135.28306800000000000000,0.00068100000000000000,-3,,2022-02-03 00:00:00.000,
5275325,ADVF,TSAG Advanced,34.09782800000000000000,173.96371100000000000000,0.00087600000000000000,-2,,2022-02-03 00:00:00.000,
5275326,TCCFUSD,TSAG Counter Cyclical USD,1.61409800000000003273,8.49499615990199963278,0.00004368215640117116,-4,,2022-02-03 00:00:00.000,
5275330,ARBF,TSAG Conservative,0.18923600000000000000,1.00000000000000000000,0.00000500000000000000,-1,,2022-02-04 00:00:00.000,
5275331,GSAF,TSAG Global Stable,1.00000000000000000000,5.28439900000000000000,0.00002685713198143000,-5,,2022-02-04 00:00:00.000,
5275332,LIBF,TSAG Libra,26.51621300000000000000,135.28306800000000000000,0.00068100000000000000,-3,,2022-02-04 00:00:00.000,
5275333,ADVF,TSAG Advanced,33.86454700000000000000,172.77353700000000000000,0.00087000000000000000,-2,,2022-02-04 00:00:00.000,
5275334,TCCFUSD,TSAG Counter Cyclical USD,1.61409800000000003273,8.52953785710199952064,0.00004335004301696489,-4,,2022-02-04 00:00:00.000,
5275338,ARBF,TSAG Conservative,0.18767000000000000000,1.00000000000000000000,0.00000400000000000000,-1,,2022-02-05 00:00:00.000,
5275339,GSAF,TSAG Global Stable,1.00000000000000000000,5.32849900000000000000,0.00002413015403735000,-5,,2022-02-05 00:00:00.000,
5275340,LIBF,TSAG Libra,26.51621300000000000000,135.28306800000000000000,0.00068100000000000000,-3,,2022-02-05 00:00:00.000,
5275341,ADVF,TSAG Advanced,33.39798700000000000000,170.39319000000000000000,0.00085800000000000000,-2,,2022-02-05 00:00:00.000,
5275342,TCCFUSD,TSAG Counter Cyclical USD,1.61409800000000003273,8.60071957890199989549,0.00003894843337139025,-4,,2022-02-05 00:00:00.000,
5275346,ARBF,TSAG Conservative,0.18767000000000000000,1.00000000000000000000,0.00000400000000000000,-1,,2022-02-06 00:00:00.000,
5275347,GSAF,TSAG Global Stable,1.00000000000000000000,5.32849900000000000000,0.00002412325214635000,-5,,2022-02-06 00:00:00.000,
5275348,LIBF,TSAG Libra,26.51621300000000000000,135.28306800000000000000,0.00068100000000000000,-3,,2022-02-06 00:00:00.000,
5275349,ADVF,TSAG Advanced,33.39798700000000000000,170.39319000000000000000,0.00085800000000000000,-2,,2022-02-06 00:00:00.000,
5275350,TCCFUSD,TSAG Counter Cyclical USD,1.61409800000000003273,8.60071957890199989549,0.00003893729304292295,-4,,2022-02-06 00:00:00.000,
5275354,ARBF,TSAG Conservative,0.18767100000000000000,1.00000000000000000000,0.00000400000000000000,-1,,2022-02-07 00:00:00.000,
5275355,GSAF,TSAG Global Stable,1.00000000000000000000,5.32844900000000000000,0.00002361212065205000,-5,,2022-02-07 00:00:00.000,
5275356,LIBF,TSAG Libra,26.51621300000000000000,135.28306800000000000000,0.00068100000000000000,-3,,2022-02-07 00:00:00.000,
5275357,ADVF,TSAG Advanced,33.20358600000000000000,169.40137900000000000000,0.00085400000000000000,-2,,2022-02-07 00:00:00.000,
5275358,TCCFUSD,TSAG Counter Cyclical USD,1.61409800000000003273,8.60063887400199966748,0.00003811227672023585,-4,,2022-02-07 00:00:00.000,
5275362,ARBF,TSAG Conservative,0.18996500000000000000,1.00000000000000000000,0.00000400000000000000,-1,,2022-02-08 00:00:00.000,
5275363,GSAF,TSAG Global Stable,1.00000000000000000000,5.26410000000000000000,0.00002276488585419000,-5,,2022-02-08 00:00:00.000,
5275367,ARBF,TSAG Conservative,0.19007200000000000000,1.00000000000000000000,0.00000400000000000000,-1,,2022-02-09 00:00:00.000,
5275368,GSAF,TSAG Global Stable,1.00000000000000000000,5.26114700000000000000,0.00002266278550393000,-5,,2022-02-09 00:00:00.000,
5275372,ARBF,TSAG Conservative,0.19088100000000000000,1.00000000000000000000,0.00000400000000000000,-1,,2022-02-10 00:00:00.000,
5275373,GSAF,TSAG Global Stable,1.00000000000000000000,5.23884900000000000000,0.00002230005486715000,-5,,2022-02-10 00:00:00.000,
5275385,ARBF,TSAG Conservative,0.19459000000000000000,1.00000000000000000000,0.00000400000000000000,-1,,2022-02-19 00:00:00.000,
5275386,GSAF,TSAG Global Stable,1.00000000000000000000,5.13900000000000000000,0.00002511540096737000,-5,,2022-02-19 00:00:00.000,
5275387,LIBF,TSAG Libra,26.51621300000000000000,135.28306800000000000000,0.00068100000000000000,-3,,2022-02-19 00:00:00.000,
5275388,ADVF,TSAG Advanced,33.63126700000000000000,171.58336400000000000000,0.00086500000000000000,-2,,2022-02-19 00:00:00.000,
5275389,TCCFUSD,TSAG Counter Cyclical USD,1.61409800000000003273,8.29484962200000097710,0.00004053871847063192,-4,,2022-02-19 00:00:00.000,
5275393,ARBF,TSAG Conservative,0.19459000000000000000,1.00000000000000000000,0.00000500000000000000,-1,,2022-02-20 00:00:00.000,
5275394,GSAF,TSAG Global Stable,1.00000000000000000000,5.13900000000000000000,0.00002608384525270000,-5,,2022-02-20 00:00:00.000,
5275395,LIBF,TSAG Libra,26.51621300000000000000,135.28306800000000000000,0.00068100000000000000,-3,,2022-02-20 00:00:00.000,
5275396,ADVF,TSAG Advanced,33.86454700000000000000,172.77353700000000000000,0.00087000000000000000,-2,,2022-02-20 00:00:00.000,
5275397,TCCFUSD,TSAG Counter Cyclical USD,1.61409800000000003273,8.29484962200000097710,0.00004210188245470797,-4,,2022-02-20 00:00:00.000,
5275413,ARBF,TSAG Conservative,0.19751800000000000000,1.00000000000000000000,0.00000500000000000000,-1,,2022-03-05 00:00:00.000,
5275414,GSAF,TSAG Global Stable,1.00000000000000000000,5.06281500000000000000,0.00002552944430695000,-5,,2022-03-05 00:00:00.000,
5275415,LIBF,TSAG Libra,26.51621300000000000000,135.28306800000000000000,0.00068100000000000000,-3,,2022-03-05 00:00:00.000,
5275416,ADVF,TSAG Advanced,33.63126700000000000000,171.58336400000000000000,0.00086500000000000000,-2,,2022-03-05 00:00:00.000,
5275417,TCCFUSD,TSAG Counter Cyclical USD,1.61409800000000003273,8.17187956587000030595,0.00004120702499697199,-4,,2022-03-05 00:00:00.000,
5275421,ARBF,TSAG Conservative,0.19746600000000000000,1.00000000000000000000,0.00000500000000000000,-1,,2022-03-06 00:00:00.000,
5275422,GSAF,TSAG Global Stable,1.00000000000000000000,5.06414500000000000000,0.00002605933917559000,-5,,2022-03-06 00:00:00.000,
5275423,LIBF,TSAG Libra,26.51621300000000000000,135.28306800000000000000,0.00068100000000000000,-3,,2022-03-06 00:00:00.000,
5275424,ADVF,TSAG Advanced,33.86454700000000000000,172.77353700000000000000,0.00087000000000000000,-2,,2022-03-06 00:00:00.000,
5275425,TCCFUSD,TSAG Counter Cyclical USD,1.61409800000000003273,8.17402631620999997608,0.00004206232724465629,-4,,2022-03-06 00:00:00.000,
5275432,ARBF,TSAG Conservative,0.19704400000000000000,1.00000000000000000000,0.00000500000000000000,-1,,2022-03-12 00:00:00.000,
5275433,GSAF,TSAG Global Stable,1.00000000000000000000,5.07499900000000000000,0.00002557195878019000,-5,,2022-03-12 00:00:00.000,
5275434,LIBF,TSAG Libra,26.51621300000000000000,135.28306800000000000000,0.00068100000000000000,-3,,2022-03-12 00:00:00.000,
5275435,ADVF,TSAG Advanced,33.63126700000000000000,171.58336400000000000000,0.00086500000000000000,-2,,2022-03-12 00:00:00.000,
5275436,TCCFUSD,TSAG Counter Cyclical USD,1.61409800000000003273,8.19154573590200030253,0.00004127564752319142,-4,,2022-03-12 00:00:00.000,
5275440,ARBF,TSAG Conservative,0.19704400000000000000,1.00000000000000000000,0.00000500000000000000,-1,,2022-03-13 00:00:00.000,
5275441,GSAF,TSAG Global Stable,1.00000000000000000000,5.07499900000000000000,0.00002578348306793000,-5,,2022-03-13 00:00:00.000,
5275442,LIBF,TSAG Libra,26.51621300000000000000,135.28306800000000000000,0.00068100000000000000,-3,,2022-03-13 00:00:00.000,
5275443,ADVF,TSAG Advanced,33.63126700000000000000,171.58336400000000000000,0.00086500000000000000,-2,,2022-03-13 00:00:00.000,
5275444,TCCFUSD,TSAG Counter Cyclical USD,1.61409800000000003273,8.19154573590200030253,0.00004161706845298853,-4,,2022-03-13 00:00:00.000,
5275448,ARBF,TSAG Conservative,0.19905400000000000000,1.00000000000000000000,0.00000400000000000000,-1,,2022-03-19 00:00:00.000,
5275449,GSAF,TSAG Global Stable,1.00000000000000000000,5.02374900000000000000,0.00002396081228136000,-5,,2022-03-19 00:00:00.000,
5275450,LIBF,TSAG Libra,26.51621300000000000000,135.28306800000000000000,0.00068100000000000000,-3,,2022-03-19 00:00:00.000,
5275451,ADVF,TSAG Advanced,33.20358600000000000000,169.40137900000000000000,0.00085400000000000000,-2,,2022-03-19 00:00:00.000,
5275452,TCCFUSD,TSAG Counter Cyclical USD,1.61409800000000003273,8.10882321340199929693,0.00003867509918172553,-4,,2022-03-19 00:00:00.000,
5275456,ARBF,TSAG Conservative,0.19905400000000000000,1.00000000000000000000,0.00000400000000000000,-1,,2022-03-20 00:00:00.000,
5275457,GSAF,TSAG Global Stable,1.00000000000000000000,5.02374900000000000000,0.00002400597233000000,-5,,2022-03-20 00:00:00.000,
5275458,LIBF,TSAG Libra,26.51621300000000000000,135.28306800000000000000,0.00068100000000000000,-3,,2022-03-20 00:00:00.000,
5275459,ADVF,TSAG Advanced,33.39798700000000000000,170.39319000000000000000,0.00085800000000000000,-2,,2022-03-20 00:00:00.000,
5275460,TCCFUSD,TSAG Counter Cyclical USD,1.61409800000000003273,8.10882321340199929693,0.00003874799192591559,-4,,2022-03-20 00:00:00.000,
5276340,ARBF,TSAG Conservative,0.21464700000000000000,1.00000000000000000000,0.00000400000000000000,-1,,2022-03-31 00:00:00.000,
5276341,GSAF,TSAG Global Stable,1.00000000000000000000,4.65880000000000000000,0.00002169778691627000,-5,,2022-03-31 00:00:00.000,
5276342,LIBF,TSAG Libra,35.44140200000000000000,165.11440600000000000000,0.00076800000000000000,-3,,2022-03-31 00:00:00.000,
5276343,ADVF,TSAG Advanced,40.60321900000000000000,189.16227800000000000000,0.00088100000000000000,-2,,2022-03-31 00:00:00.000,
5276344,TCCFUSD,TSAG Counter Cyclical USD,1.64024600000000009281,7.64157806480000090232,0.00003558970819827568,-4,,2022-03-31 00:00:00.000,
5276702,ARBF,TSAG Conservative,0.21099200000000000000,1.00000000000000000000,0.00000400000000000000,-1,,2022-04-01 00:00:00.000,
5276703,GSAF,TSAG Global Stable,1.00000000000000000000,4.73949900000000000000,0.00002194095199315000,-5,,2022-04-01 00:00:00.000,
5276704,LIBF,TSAG Libra,33.59015500000000000000,159.20054400000000000000,0.00073600000000000000,-3,,2022-04-01 00:00:00.000,
5276705,ADVF,TSAG Advanced,39.37841900000000000000,186.63401700000000000000,0.00086400000000000000,-2,,2022-04-01 00:00:00.000,
5276706,TCCFUSD,TSAG Counter Cyclical USD,1.64594100000000009842,7.80093572355900111148,0.00003611351246456546,-4,,2022-04-01 00:00:00.000,
5277338,ARBF,TSAG Conservative,0.21464300000000000000,1.00000000000000000000,0.00000400000000000000,-1,,2022-04-02 00:00:00.000,
5277339,GSAF,TSAG Global Stable,1.00000000000000000000,4.65888800000000000000,0.00002165997692705000,-5,,2022-04-02 00:00:00.000,
5277340,LIBF,TSAG Libra,34.62607500000000000000,161.31900800000000000000,0.00074900000000000000,-3,,2022-04-02 00:00:00.000,
5277341,ADVF,TSAG Advanced,40.58176000000000000000,189.06587800000000000000,0.00087900000000000000,-2,,2022-04-02 00:00:00.000,
5277342,TCCFUSD,TSAG Counter Cyclical USD,1.64202399999999992808,7.65000590931200008527,0.00003556620195366958,-4,,2022-04-02 00:00:00.000,
5277700,ARBF,TSAG Conservative,0.21455400000000000000,1.00000000000000000000,0.00000400000000000000,-1,,2022-04-03 00:00:00.000,
5277701,GSAF,TSAG Global Stable,1.00000000000000000000,4.66081200000000000000,0.00002180538888340000,-5,,2022-04-03 00:00:00.000,
5277702,LIBF,TSAG Libra,34.99135000000000000000,163.08814000000000000000,0.00076200000000000000,-3,,2022-04-03 00:00:00.000,
5277703,ADVF,TSAG Advanced,40.31113600000000000000,187.88266700000000000000,0.00087800000000000000,-2,,2022-04-03 00:00:00.000,
5277704,TCCFUSD,TSAG Counter Cyclical USD,1.63937299999999996913,7.64080935087600021660,0.00003574716578995193,-4,,2022-04-03 00:00:00.000,
5281945,ARBF,TSAG Conservative,0.21466500000000000000,1.00000000000000000000,0.00000400000000000000,-1,,2022-04-04 08:30:00.003,
5281946,GSAF,TSAG Global Stable,1.00000000000000000000,4.65840000000000000000,0.00002173371887468000,-5,,2022-04-04 08:30:00.003,
5281947,LIBF,TSAG Libra,35.10673900000000000000,163.54123400000000000000,0.00076300000000000000,-3,,2022-04-04 08:30:00.003,
5281948,ADVF,TSAG Advanced,40.12198700000000000000,186.90426700000000000000,0.00087100000000000000,-2,,2022-04-04 08:30:00.003,
5281949,TCCFUSD,TSAG Counter Cyclical USD,1.64226999999999989654,7.65035056800000035082,0.00003569263449633394,-4,,2022-04-04 08:30:00.003,
5293218,ARBF,TSAG Conservative,0.21762300000000000000,1.00000000000000000000,0.00000400000000000000,-1,,2022-04-05 08:30:00.010,
5293219,GSAF,TSAG Global Stable,1.00000000000000000000,4.59509900000000000000,0.00002143098975109000,-5,,2022-04-05 08:30:00.010,
5293220,LIBF,TSAG Libra,35.41600300000000000000,162.74007600000000000000,0.00075900000000000000,-3,,2022-04-05 08:30:00.010,
5293221,ADVF,TSAG Advanced,40.82872500000000000000,187.61207700000000000000,0.00087400000000000000,-2,,2022-04-05 08:30:00.010,
5293222,TCCFUSD,TSAG Counter Cyclical USD,1.64877399999999996183,7.57627975862600067103,0.00003533485869587544,-4,,2022-04-05 08:30:00.010,
5304511,ARBF,TSAG Conservative,0.21494700000000000000,1.00000000000000000000,0.00000400000000000000,-1,,2022-04-06 08:30:00.010,
5304512,GSAF,TSAG Global Stable,1.00000000000000000000,4.65230000000000000000,0.00002215297000202000,-5,,2022-04-06 08:30:00.010,
5304513,LIBF,TSAG Libra,33.40409800000000000000,155.40588900000000000000,0.00073900000000000000,-3,,2022-04-06 08:30:00.010,
5304514,ADVF,TSAG Advanced,39.18210500000000000000,182.28690800000000000000,0.00086800000000000000,-2,,2022-04-06 08:30:00.010,
5304515,TCCFUSD,TSAG Counter Cyclical USD,1.63444600000000006546,7.60393312580000113599,0.00003620783320792854,-4,,2022-04-06 08:30:00.010,
5315317,ARBF,TSAG Conservative,0.21198100000000000000,1.00000000000000000000,0.00000400000000000000,-1,,2022-04-07 08:30:00.017,
5315318,GSAF,TSAG Global Stable,1.00000000000000000000,4.71740000000000000000,0.00002302719845625000,-5,,2022-04-07 08:30:00.017,
5315319,LIBF,TSAG Libra,31.91877600000000000000,150.57363600000000000000,0.00073400000000000000,-3,,2022-04-07 08:30:00.017,
5315320,ADVF,TSAG Advanced,38.04197000000000000000,179.45919100000000000000,0.00087600000000000000,-2,,2022-04-07 08:30:00.017,
5315321,TCCFUSD,TSAG Counter Cyclical USD,1.62514599999999997948,7.66646374039999933814,0.00003742255946238395,-4,,2022-04-07 08:30:00.017,
5326564,ARBF,TSAG Conservative,0.21036900000000000000,1.00000000000000000000,0.00000400000000000000,-1,,2022-04-08 08:30:00.017,
5326565,GSAF,TSAG Global Stable,1.00000000000000000000,4.75354000000000000000,0.00002293658371972000,-5,,2022-04-08 08:30:00.017,
5326566,LIBF,TSAG Libra,32.13207300000000000000,152.74113000000000000000,0.00073600000000000000,-3,,2022-04-08 08:30:00.017,
5326567,ADVF,TSAG Advanced,38.93343500000000000000,185.07168100000000000000,0.00089200000000000000,-2,,2022-04-08 08:30:00.017,
5326568,TCCFUSD,TSAG Counter Cyclical USD,1.63185899999999994847,7.75710703086000030737,0.00003742927057228612,-4,,2022-04-08 08:30:00.017,
5337797,ARBF,TSAG Conservative,0.21278400000000000000,1.00000000000000000000,0.00000500000000000000,-1,,2022-04-09 08:30:00.023,
5337798,GSAF,TSAG Global Stable,1.00000000000000000000,4.69960000000000000000,0.00002355255634066000,-5,,2022-04-09 08:30:00.023,
5337799,LIBF,TSAG Libra,30.95205400000000000000,145.46227400000000000000,0.00072900000000000000,-3,,2022-04-09 08:30:00.023,
5337800,ADVF,TSAG Advanced,37.53308000000000000000,176.39046600000000000000,0.00088300000000000000,-2,,2022-04-09 08:30:00.023,
5337801,TCCFUSD,TSAG Counter Cyclical USD,1.63593999999999994976,7.68826362400000018482,0.00003853056901994056,-4,,2022-04-09 08:30:00.023,
5349001,ARBF,TSAG Conservative,0.21278400000000000000,1.00000000000000000000,0.00000500000000000000,-1,,2022-04-10 08:30:00.020,
5349002,GSAF,TSAG Global Stable,1.00000000000000000000,4.69960000000000000000,0.00002350956659919000,-5,,2022-04-10 08:30:00.020,
5349003,LIBF,TSAG Libra,30.88104500000000000000,145.12856200000000000000,0.00072500000000000000,-3,,2022-04-10 08:30:00.020,
5349004,ADVF,TSAG Advanced,37.85692900000000000000,177.91242500000000000000,0.00089000000000000000,-2,,2022-04-10 08:30:00.020,
5349005,TCCFUSD,TSAG Counter Cyclical USD,1.63689499999999998892,7.69275174200000044777,0.00003848269201839599,-4,,2022-04-10 08:30:00.020,
5360244,ARBF,TSAG Conservative,0.21289700000000000000,1.00000000000000000000,0.00000500000000000000,-1,,2022-04-11 08:30:00.003,
5360245,GSAF,TSAG Global Stable,1.00000000000000000000,4.69709900000000000000,0.00002404092777481000,-5,,2022-04-11 08:30:00.003,
5360246,LIBF,TSAG Libra,29.24179900000000000000,137.35165800000000000000,0.00070200000000000000,-3,,2022-04-11 08:30:00.003,
5360247,ADVF,TSAG Advanced,36.68743600000000000000,172.32455600000000000000,0.00088200000000000000,-2,,2022-04-11 08:30:00.003,
5360248,TCCFUSD,TSAG Counter Cyclical USD,1.63165300000000002001,7.66403567464699975176,0.00003922645192656233,-4,,2022-04-11 08:30:00.003,
5371509,ARBF,TSAG Conservative,0.21296000000000000000,1.00000000000000000000,0.00000500000000000000,-1,,2022-04-12 08:30:00.013,
5371510,GSAF,TSAG Global Stable,1.00000000000000000000,4.69569900000000000000,0.00002487645502604000,-5,,2022-04-12 08:30:00.013,
5371511,LIBF,TSAG Libra,28.70183800000000000000,134.77522400000000000000,0.00071300000000000000,-3,,2022-04-12 08:30:00.013,
5371512,ADVF,TSAG Advanced,36.25918500000000000000,170.26225800000000000000,0.00090200000000000000,-2,,2022-04-12 08:30:00.013,
5371513,TCCFUSD,TSAG Counter Cyclical USD,1.62043800000000004502,7.60908909616200102022,0.00004031075302949051,-4,,2022-04-12 08:30:00.013,
5382779,ARBF,TSAG Conservative,0.21392600000000000000,1.00000000000000000000,0.00000500000000000000,-1,,2022-04-13 08:30:00.017,
5382780,GSAF,TSAG Global Stable,1.00000000000000000000,4.67450000000000000000,0.00002510934458350000,-5,,2022-04-13 08:30:00.017,
5382781,LIBF,TSAG Libra,28.63475700000000000000,133.85317500000000000000,0.00071800000000000000,-3,,2022-04-13 08:30:00.017,
5382782,ADVF,TSAG Advanced,35.96270600000000000000,168.10767300000000000000,0.00090200000000000000,-2,,2022-04-13 08:30:00.017,
5382783,TCCFUSD,TSAG Counter Cyclical USD,1.62881300000000006634,7.61388636850000022349,0.00004089842687909502,-4,,2022-04-13 08:30:00.017,
5394023,ARBF,TSAG Conservative,0.21313700000000000000,1.00000000000000000000,0.00000500000000000000,-1,,2022-04-14 08:30:00.017,
5394024,GSAF,TSAG Global Stable,1.00000000000000000000,4.69180000000000000000,0.00002437761791892000,-5,,2022-04-14 08:30:00.017,
5394025,LIBF,TSAG Libra,29.24814000000000000000,137.22642700000000000000,0.00071300000000000000,-3,,2022-04-14 08:30:00.017,
5394026,ADVF,TSAG Advanced,37.16523900000000000000,174.37186900000000000000,0.00090500000000000000,-2,,2022-04-14 08:30:00.017,
5394027,TCCFUSD,TSAG Counter Cyclical USD,1.63556300000000010009,7.67373448339999963963,0.00003987112989633211,-4,,2022-04-14 08:30:00.017,
5405237,ARBF,TSAG Conservative,0.21266600000000000000,1.00000000000000000000,0.00000500000000000000,-1,,2022-04-15 08:30:00.013,
5405238,GSAF,TSAG Global Stable,1.00000000000000000000,4.70220000000000000000,0.00002482349243454000,-5,,2022-04-15 08:30:00.013,
5405239,LIBF,TSAG Libra,28.76307600000000000000,135.24973600000000000000,0.00071300000000000000,-3,,2022-04-15 08:30:00.013,
5405240,ADVF,TSAG Advanced,36.21569300000000000000,170.29343500000000000000,0.00089800000000000000,-2,,2022-04-15 08:30:00.013,
5405241,TCCFUSD,TSAG Counter Cyclical USD,1.63451999999999997293,7.68583994400000047875,0.00004057449485411386,-4,,2022-04-15 08:30:00.013,
5416458,ARBF,TSAG Conservative,0.21267000000000000000,1.00000000000000000000,0.00000500000000000000,-1,,2022-04-16 08:30:00.023,
5416459,GSAF,TSAG Global Stable,1.00000000000000000000,4.70210000000000000000,0.00002473025132833000,-5,,2022-04-16 08:30:00.023,
5416460,LIBF,TSAG Libra,28.75021300000000000000,135.18637800000000000000,0.00071100000000000000,-3,,2022-04-16 08:30:00.023,
5416461,ADVF,TSAG Advanced,36.31180200000000000000,170.74172600000000000000,0.00089700000000000000,-2,,2022-04-16 08:30:00.023,
5416462,TCCFUSD,TSAG Counter Cyclical USD,1.63669599999999992868,7.69590826159999963352,0.00004047590342807854,-4,,2022-04-16 08:30:00.023,
5427667,ARBF,TSAG Conservative,0.21267000000000000000,1.00000000000000000000,0.00000500000000000000,-1,,2022-04-17 08:30:00.027,
5427668,GSAF,TSAG Global Stable,1.00000000000000000000,4.70210000000000000000,0.00002473345570826000,-5,,2022-04-17 08:30:00.027,
5427669,LIBF,TSAG Libra,28.78691900000000000000,135.35897400000000000000,0.00071100000000000000,-3,,2022-04-17 08:30:00.027,
5427670,ADVF,TSAG Advanced,36.30709700000000000000,170.71960500000000000000,0.00089700000000000000,-2,,2022-04-17 08:30:00.027,
5427671,TCCFUSD,TSAG Counter Cyclical USD,1.63680800000000004069,7.69643489679999959208,0.00004048391817093289,-4,,2022-04-17 08:30:00.027,
5438892,ARBF,TSAG Conservative,0.21265700000000000000,1.00000000000000000000,0.00000500000000000000,-1,,2022-04-18 08:30:00.023,
5438893,GSAF,TSAG Global Stable,1.00000000000000000000,4.70240000000000000000,0.00002565908893238000,-5,,2022-04-18 08:30:00.023,
5438894,LIBF,TSAG Libra,27.39769900000000000000,128.83494100000000000000,0.00070300000000000000,-3,,2022-04-18 08:30:00.023,
5438895,ADVF,TSAG Advanced,34.99734500000000000000,164.57151700000000000000,0.00089700000000000000,-2,,2022-04-18 08:30:00.023,
5438896,TCCFUSD,TSAG Counter Cyclical USD,1.63408799999999998498,7.68413541119999976559,0.00004192920931535085,-4,,2022-04-18 08:30:00.023,
5450123,ARBF,TSAG Conservative,0.21488700000000000000,1.00000000000000000000,0.00000500000000000000,-1,,2022-04-19 08:30:00.010,
5450124,GSAF,TSAG Global Stable,1.00000000000000000000,4.65360000000000000000,0.00002452158165555000,-5,,2022-04-19 08:30:00.010,
5450125,LIBF,TSAG Libra,29.07642700000000000000,135.31006500000000000000,0.00071300000000000000,-3,,2022-04-19 08:30:00.010,
5450126,ADVF,TSAG Advanced,36.86548500000000000000,171.55722100000000000000,0.00090400000000000000,-2,,2022-04-19 08:30:00.010,
5450127,TCCFUSD,TSAG Counter Cyclical USD,1.63906299999999993666,7.62754357679999994701,0.00004019241719309249,-4,,2022-04-19 08:30:00.010,
5461336,ARBF,TSAG Conservative,0.21429300000000000000,1.00000000000000000000,0.00000500000000000000,-1,,2022-04-20 08:30:00.013,
5461337,GSAF,TSAG Global Stable,1.00000000000000000000,4.66650000000000000000,0.00002392599559526000,-5,,2022-04-20 08:30:00.013,
5461338,LIBF,TSAG Libra,30.30176900000000000000,141.40320700000000000000,0.00072500000000000000,-3,,2022-04-20 08:30:00.013,
5461339,ADVF,TSAG Advanced,37.65778500000000000000,175.73005400000000000000,0.00090000000000000000,-2,,2022-04-20 08:30:00.013,
5461340,TCCFUSD,TSAG Counter Cyclical USD,1.63165699999999991299,7.61412739049999931495,0.00003903901819497899,-4,,2022-04-20 08:30:00.013,
5472521,ARBF,TSAG Conservative,0.21632600000000000000,1.00000000000000000000,0.00000500000000000000,-1,,2022-04-21 08:30:00.007,
5472522,GSAF,TSAG Global Stable,1.00000000000000000000,4.62263100000000000000,0.00002364964898507000,-5,,2022-04-21 08:30:00.007,
5472523,LIBF,TSAG Libra,30.14843900000000000000,139.36513900000000000000,0.00071300000000000000,-3,,2022-04-21 08:30:00.007,
5472524,ADVF,TSAG Advanced,37.46355800000000000000,173.18024300000000000000,0.00088600000000000000,-2,,2022-04-21 08:30:00.007,
5472525,TCCFUSD,TSAG Counter Cyclical USD,1.63139499999999992852,7.54133710024500025781,0.00003858191910601206,-4,,2022-04-21 08:30:00.007,
5483701,ARBF,TSAG Conservative,0.21632800000000000000,1.00000000000000000000,0.00000500000000000000,-1,,2022-04-22 08:30:00.013,
5483702,GSAF,TSAG Global Stable,1.00000000000000000000,4.62259900000000000000,0.00002471635672927000,-5,,2022-04-22 08:30:00.013,
5483703,LIBF,TSAG Libra,29.04958800000000000000,134.28462900000000000000,0.00071700000000000000,-3,,2022-04-22 08:30:00.013,
5483704,ADVF,TSAG Advanced,36.00854300000000000000,166.45309200000000000000,0.00089000000000000000,-2,,2022-04-22 08:30:00.013,
5483705,TCCFUSD,TSAG Counter Cyclical USD,1.61175899999999994172,7.45051554164099982813,0.00003983681040562446,-4,,2022-04-22 08:30:00.013,
5494919,ARBF,TSAG Conservative,0.20839400000000000000,1.00000000000000000000,0.00000500000000000000,-1,,2022-04-23 08:30:00.007,
5494920,GSAF,TSAG Global Stable,1.00000000000000000000,4.79859400000000000000,0.00002523750323374000,-5,,2022-04-23 08:30:00.007,
5494921,LIBF,TSAG Libra,28.52897100000000000000,136.89897800000000000000,0.00071900000000000000,-3,,2022-04-23 08:30:00.007,
5494922,ADVF,TSAG Advanced,35.74046000000000000000,171.50399700000000000000,0.00090100000000000000,-2,,2022-04-23 08:30:00.007,
5494923,TCCFUSD,TSAG Counter Cyclical USD,1.60161899999999990385,7.68551932368599910461,0.00004042086469172389,-4,,2022-04-23 08:30:00.007,
5506069,ARBF,TSAG Conservative,0.20838000000000000000,1.00000000000000000000,0.00000500000000000000,-1,,2022-04-24 08:30:00.013,
5506070,GSAF,TSAG Global Stable,1.00000000000000000000,4.79892000000000000000,0.00002518893610386000,-5,,2022-04-24 08:30:00.013,
5506071,LIBF,TSAG Libra,28.34577800000000000000,136.02915100000000000000,0.00071300000000000000,-3,,2022-04-24 08:30:00.013,
5506072,ADVF,TSAG Advanced,35.92847200000000000000,172.41790200000000000000,0.00090500000000000000,-2,,2022-04-24 08:30:00.013,
5506073,TCCFUSD,TSAG Counter Cyclical USD,1.60089700000000001445,7.68257663123999989807,0.00004032489224186464,-4,,2022-04-24 08:30:00.013,
5517256,ARBF,TSAG Conservative,0.20855400000000000000,1.00000000000000000000,0.00000500000000000000,-1,,2022-04-25 08:30:00.010,
5517257,GSAF,TSAG Global Stable,1.00000000000000000000,4.79489900000000000000,0.00002597200232650000,-5,,2022-04-25 08:30:00.010,
5517258,LIBF,TSAG Libra,26.87509300000000000000,128.86338800000000000000,0.00069800000000000000,-3,,2022-04-25 08:30:00.010,
5517259,ADVF,TSAG Advanced,34.61419600000000000000,165.97161200000000000000,0.00089800000000000000,-2,,2022-04-25 08:30:00.010,
5517260,TCCFUSD,TSAG Counter Cyclical USD,1.57986000000000004206,7.57526913414000002689,0.00004103212759555663,-4,,2022-04-25 08:30:00.010,
5528523,ARBF,TSAG Conservative,0.20502300000000000000,1.00000000000000000000,0.00000500000000000000,-1,,2022-04-26 08:30:00.010,
5528524,GSAF,TSAG Global Stable,1.00000000000000000000,4.87750000000000000000,0.00002476018186715000,-5,,2022-04-26 08:30:00.010,
5528525,LIBF,TSAG Libra,28.23081000000000000000,137.69577800000000000000,0.00069900000000000000,-3,,2022-04-26 08:30:00.010,
5528526,ADVF,TSAG Advanced,36.10635800000000000000,176.10876300000000000000,0.00089400000000000000,-2,,2022-04-26 08:30:00.010,
5528527,TCCFUSD,TSAG Counter Cyclical USD,1.59100899999999989554,7.76014639749999979301,0.00003939367219227973,-4,,2022-04-26 08:30:00.010,
5539740,ARBF,TSAG Conservative,0.20004000000000000000,1.00000000000000000000,0.00000500000000000000,-1,,2022-04-27 08:30:00.020,
5539741,GSAF,TSAG Global Stable,1.00000000000000000000,4.99900000000000000000,0.00002557317803276000,-5,,2022-04-27 08:30:00.020,
5539742,LIBF,TSAG Libra,27.25511800000000000000,136.24833800000000000000,0.00069700000000000000,-3,,2022-04-27 08:30:00.020,
5539743,ADVF,TSAG Advanced,34.76298400000000000000,173.78016100000000000000,0.00088800000000000000,-2,,2022-04-27 08:30:00.020,
5539744,TCCFUSD,TSAG Counter Cyclical USD,1.57273900000000010913,7.86212226099999966777,0.00004021993444607414,-4,,2022-04-27 08:30:00.020,
5550903,ARBF,TSAG Conservative,0.20143000000000000000,1.00000000000000000000,0.00000500000000000000,-1,,2022-04-28 08:30:00.010,
5550904,GSAF,TSAG Global Stable,1.00000000000000000000,4.96449900000000000000,0.00002519757876007000,-5,,2022-04-28 08:30:00.010,
5550905,LIBF,TSAG Libra,27.46295600000000000000,136.33984600000000000000,0.00069200000000000000,-3,,2022-04-28 08:30:00.010,
5550906,ADVF,TSAG Advanced,35.36054000000000000000,175.54740200000000000000,0.00089000000000000000,-2,,2022-04-28 08:30:00.010,
5550907,TCCFUSD,TSAG Counter Cyclical USD,1.57275399999999998535,7.80793566024599972053,0.00003962959278521611,-4,,2022-04-28 08:30:00.010,
5562052,ARBF,TSAG Conservative,0.20248600000000000000,1.00000000000000000000,0.00000500000000000000,-1,,2022-04-29 08:30:00.003,
5562053,GSAF,TSAG Global Stable,1.00000000000000000000,4.93859900000000000000,0.00002575612613279000,-5,,2022-04-29 08:30:00.003,
5562054,LIBF,TSAG Libra,26.32383400000000000000,130.00286200000000000000,0.00067700000000000000,-3,,2022-04-29 08:30:00.003,
5562055,ADVF,TSAG Advanced,34.43840800000000000000,170.07749100000000000000,0.00088600000000000000,-2,,2022-04-29 08:30:00.003,
5562056,TCCFUSD,TSAG Counter Cyclical USD,1.58211499999999993804,7.81343155688499990674,0.00004074915349658973,-4,,2022-04-29 08:30:00.003,
5573228,ARBF,TSAG Conservative,0.20109500000000000000,1.00000000000000000000,0.00000500000000000000,-1,,2022-04-30 08:30:00.020,
5573229,GSAF,TSAG Global Stable,1.00000000000000000000,4.97274900000000000000,0.00002590483025394000,-5,,2022-04-30 08:30:00.020,
5573230,LIBF,TSAG Libra,25.78669600000000000000,128.23079600000000000000,0.00066800000000000000,-3,,2022-04-30 08:30:00.020,
5573231,ADVF,TSAG Advanced,34.00910100000000000000,169.11875900000000000000,0.00088000000000000000,-2,,2022-04-30 08:30:00.020,
5573232,TCCFUSD,TSAG Counter Cyclical USD,1.57207499999999988916,7.81753438417499957325,0.00004072433602147136,-4,,2022-04-30 08:30:00.020,
5584366,ARBF,TSAG Conservative,0.20109500000000000000,1.00000000000000000000,0.00000500000000000000,-1,,2022-05-01 08:30:00.017,
5584367,GSAF,TSAG Global Stable,1.00000000000000000000,4.97274900000000000000,0.00002627710103345000,-5,,2022-05-01 08:30:00.017,
5584368,LIBF,TSAG Libra,24.77442200000000000000,123.19700900000000000000,0.00065100000000000000,-3,,2022-05-01 08:30:00.017,
5584369,ADVF,TSAG Advanced,33.33701000000000000000,165.77662000000000000000,0.00087500000000000000,-2,,2022-05-01 08:30:00.017,
5584370,TCCFUSD,TSAG Counter Cyclical USD,1.56668699999999994077,7.79074121256299978455,0.00004116799258680086,-4,,2022-05-01 08:30:00.017,
5595573,ARBF,TSAG Conservative,0.20108900000000000000,1.00000000000000000000,0.00000500000000000000,-1,,2022-05-02 08:30:00.013,
5595574,GSAF,TSAG Global Stable,1.00000000000000000000,4.97290000000000000000,0.00002582481299631000,-5,,2022-05-02 08:30:00.013,
5595575,LIBF,TSAG Libra,24.78236700000000000000,123.24023400000000000000,0.00063900000000000000,-3,,2022-05-02 08:30:00.013,
5595576,ADVF,TSAG Advanced,33.92086500000000000000,168.68507000000000000000,0.00087500000000000000,-2,,2022-05-02 08:30:00.013,
5595577,TCCFUSD,TSAG Counter Cyclical USD,1.56092399999999997817,7.76231895959999995682,0.00004031057040145533,-4,,2022-05-02 08:30:00.013,
5606763,ARBF,TSAG Conservative,0.19662000000000000000,1.00000000000000000000,0.00000500000000000000,-1,,2022-05-03 08:30:00.020,
5606764,GSAF,TSAG Global Stable,1.00000000000000000000,5.08593300000000000000,0.00002602115361466000,-5,,2022-05-03 08:30:00.020,
5606765,LIBF,TSAG Libra,25.05653700000000000000,127.43586900000000000000,0.00065200000000000000,-3,,2022-05-03 08:30:00.020,
5606766,ADVF,TSAG Advanced,33.74177800000000000000,171.60842400000000000000,0.00087700000000000000,-2,,2022-05-03 08:30:00.020,
5606767,TCCFUSD,TSAG Counter Cyclical USD,1.53970300000000004381,7.83082629789899975492,0.00004006484828396731,-4,,2022-05-03 08:30:00.020,
5617941,ARBF,TSAG Conservative,0.20160800000000000000,1.00000000000000000000,0.00000500000000000000,-1,,2022-05-04 08:30:00.020,
5617942,GSAF,TSAG Global Stable,1.00000000000000000000,4.96010000000000000000,0.00002566151862202000,-5,,2022-05-04 08:30:00.020,
5617943,LIBF,TSAG Libra,25.52460000000000000000,126.60456900000000000000,0.00065500000000000000,-3,,2022-05-04 08:30:00.020,
5617944,ADVF,TSAG Advanced,34.52640500000000000000,171.25442400000000000000,0.00088500000000000000,-2,,2022-05-04 08:30:00.020,
5617945,TCCFUSD,TSAG Counter Cyclical USD,1.55108599999999996477,7.69354166859999910599,0.00003980322227336906,-4,,2022-05-04 08:30:00.020,
5629133,ARBF,TSAG Conservative,0.20323100000000000000,1.00000000000000000000,0.00000500000000000000,-1,,2022-05-05 08:30:00.010,
5629134,GSAF,TSAG Global Stable,1.00000000000000000000,4.92049900000000000000,0.00002529805315240000,-5,,2022-05-05 08:30:00.010,
5629135,LIBF,TSAG Libra,26.44472200000000000000,130.12125800000000000000,0.00066900000000000000,-3,,2022-05-05 08:30:00.010,
5629136,ADVF,TSAG Advanced,34.94340000000000000000,171.93900200000000000000,0.00088400000000000000,-2,,2022-05-05 08:30:00.010,
5629137,TCCFUSD,TSAG Counter Cyclical USD,1.57170800000000010499,7.73358764229200090767,0.00003976115252405236,-4,,2022-05-05 08:30:00.010,
